t,exact_g,g_cand,difference,points,c_0,c_1,c_2
1,1,1,0,1,0,0,0
2,2,2,0,2,0,0,0
3,2,2,0,3,1,1,1
4,3,3,0,4,1,1,1
6,4,4,0,5,2,1,2
8,5,5,0,6,2,1,2
9,5,5,0,7,2,2,2
12,6,6,0,8,3,3,2
16,7,7,0,9,3,3,2
18,7,7,0,10,3,3,3
24,8,8,0,11,3,4,4
27,8,8,0,12,4,4,4
32,9,9,0,13,4,4,4
36,10,10,0,14,5,4,4
48,11,11,0,15,6,4,5
54,11,11,0,16,6,5,5
64,12,12,0,17,6,5,5
72,13,13,0,18,6,6,5
81,13,13,0,19,6,6,6
96,14,14,0,20,7,7,6
108,14,14,0,21,7,7,7
128,15,15,0,22,7,7,7
144,16,16,0,23,7,7,8
162,17,17,0,24,8,7,8
192,17,17,0,25,8,8,9
216,18,18,0,26,9,8,9
243,18,18,0,27,9,9,9
256,19,19,0,28,9,9,9
288,20,20,0,29,10,9,9
324,21,21,0,30,10,10,9
384,21,21,0,31,11,10,10
432,22,22,0,32,11,11,10
486,22,22,0,33,11,11,11
512,23,23,0,34,11,11,11
576,24,24,0,35,11,12,11
648,25,25,0,36,11,12,12
729,25,25,0,37,12,12,12
768,26,26,0,38,13,13,12
864,26,26,0,39,13,13,13
972,27,27,0,40,14,13,13
1024,28,28,0,41,14,13,13
1152,29,29,0,42,14,13,14
1296,30,30,0,43,15,13,14
1458,30,30,0,44,15,14,14
1536,31,30,1,45,15,15,15
1728,31,31,0,46,16,15,15
1944,32,32,0,47,16,16,15
2048,33,33,0,48,16,16,15
2187,33,33,0,49,16,16,16
2304,34,34,0,50,17,16,16
2592,35,35,0,51,17,17,16
2916,35,35,0,52,17,17,17
3072,36,36,0,53,18,17,18
3456,36,36,0,54,18,18,18
3888,37,37,0,55,18,18,19
4096,38,38,0,56,18,18,19
4374,39,39,0,57,19,18,19
4608,39,39,0,58,19,19,19
5184,40,40,0,59,19,19,20
5832,41,41,0,60,20,19,20
6144,42,41,1,61,21,20,20
6561,42,42,0,62,21,21,20
6912,42,42,0,63,21,21,21
7776,43,43,0,64,22,21,21
8192,44,44,0,65,22,21,21
8748,45,45,0,66,22,22,21
9216,45,45,0,67,22,22,22
10368,46,46,0,68,23,22,22
11664,47,47,0,69,23,23,22
12288,48,47,1,70,23,24,23
13122,48,48,0,71,23,24,24
13824,48,48,0,72,24,24,24
15552,49,49,0,73,24,25,24
16384,50,50,0,74,24,25,24
17496,51,51,0,75,24,25,25
18432,51,51,0,76,25,25,25
19683,52,52,0,77,26,25,25
20736,53,53,0,78,26,26,25
23328,53,53,0,79,26,26,26
24576,54,54,0,80,27,26,27
26244,55,55,0,81,28,26,27
27648,55,55,0,82,28,27,27
31104,56,56,0,83,28,27,28
32768,57,57,0,84,28,27,28
34992,58,58,0,85,29,27,28
36864,58,58,0,86,29,28,28
39366,59,59,0,87,29,29,28
41472,59,59,0,88,29,29,29
46656,60,60,0,89,30,29,29
49152,61,61,0,90,31,30,29
52488,62,62,0,91,31,31,29
55296,62,62,0,92,31,31,30
59049,62,62,0,93,31,31,31
62208,63,63,0,94,32,31,31
65536,64,64,0,95,32,31,31
69984,65,65,0,96,32,32,31
73728,65,65,0,97,32,32,32
78732,66,66,0,98,32,32,33
82944,67,67,0,99,33,32,33
93312,67,67,0,100,33,33,33
98304,68,68,0,101,33,34,34
104976,69,69,0,102,33,34,35
110592,69,69,0,103,34,34,35
118098,70,70,0,104,35,34,35
124416,70,70,0,105,35,35,35
131072,71,71,0,106,35,35,35
139968,72,72,0,107,35,35,36
147456,73,73,0,108,36,35,36
157464,74,74,0,109,37,35,36
165888,74,74,0,110,37,36,36
177147,75,75,0,111,37,37,36
186624,75,75,0,112,37,37,37
196608,76,76,0,113,38,37,38
209952,77,77,0,114,39,37,38
221184,77,77,0,115,39,38,38
236196,78,78,0,116,39,39,38
248832,78,78,0,117,39,39,39
262144,79,79,0,118,39,39,39
279936,80,80,0,119,40,39,39
294912,81,81,0,120,40,40,39
314928,82,82,0,121,40,41,39
331776,82,82,0,122,40,41,40
354294,83,83,0,123,40,41,41
373248,83,83,0,124,41,41,41
393216,84,84,0,125,42,42,41
419904,85,85,0,126,42,43,41
442368,85,85,0,127,42,43,42
472392,86,86,0,128,42,43,43
497664,86,86,0,129,43,43,43
524288,87,87,0,130,43,43,43
531441,88,88,0,131,44,43,43
559872,89,89,0,132,44,44,43
589824,89,89,0,133,44,44,44
629856,90,90,0,134,44,44,45
663552,91,91,0,135,45,44,45
708588,92,92,0,136,46,44,45
746496,92,92,0,137,46,45,45
786432,93,92,1,138,46,46,46
839808,93,93,0,139,46,46,47
884736,94,94,0,140,47,46,47
944784,95,95,0,141,48,46,47
995328,95,95,0,142,48,47,47
1048576,96,96,0,143,48,47,47
1062882,97,97,0,144,48,48,47
1119744,97,97,0,145,48,48,48
1179648,98,98,0,146,49,48,48
1259712,99,99,0,147,50,48,48
1327104,100,100,0,148,50,49,48
1417176,101,101,0,149,50,50,48
1492992,101,101,0,150,50,50,49
1572864,101,101,0,151,51,50,50
1594323,102,102,0,152,51,50,51
1679616,103,103,0,153,52,50,51
1769472,103,103,0,154,52,51,51
1889568,104,104,0,155,52,52,51
1990656,104,104,0,156,52,52,52
2097152,105,105,0,157,52,52,52
2125764,106,106,0,158,52,52,53
2239488,107,107,0,159,53,52,53
2359296,107,107,0,160,53,53,53
2519424,108,108,0,161,53,54,53
2654208,109,109,0,162,53,54,54
2834352,110,110,0,163,53,54,55
2985984,110,110,0,164,54,54,55
3145728,111,110,1,165,55,55,55
3188646,112,111,1,166,56,55,55
3359232,112,112,0,167,56,56,55
3538944,112,112,0,168,56,56,56
3779136,113,113,0,169,56,56,57
3981312,114,114,0,170,57,56,57
4194304,115,115,0,171,57,56,57
4251528,116,116,0,172,58,56,57
4478976,116,116,0,173,58,57,57
4718592,117,117,0,174,58,57,58
4782969,117,117,0,175,58,58,58
5038848,118,118,0,176,58,58,59
5308416,119,119,0,177,59,58,59
5668704,120,120,0,178,60,58,59
5971968,120,120,0,179,60,59,59
6291456,121,120,1,180,60,60,60
6377292,122,121,1,181,60,61,60
6718464,122,122,0,182,60,61,61
7077888,122,122,0,183,61,61,61
7558272,123,123,0,184,62,61,61
7962624,124,124,0,185,62,62,61
8388608,125,125,0,186,62,62,61
8503056,126,126,0,187,62,63,61
8957952,126,126,0,188,62,63,62
9437184,127,127,0,189,63,63,62
9565938,127,127,0,190,63,63,63
10077696,128,128,0,191,64,63,63
10616832,129,129,0,192,64,64,63
11337408,130,130,0,193,64,65,63
11943936,130,130,0,194,64,65,64
12582912,131,130,1,195,65,65,65
12754584,132,131,1,196,65,65,66
13436928,132,132,0,197,66,65,66
14155776,132,132,0,198,66,66,66
14348907,133,133,0,199,67,66,66
15116544,134,134,0,200,67,67,66
15925248,134,134,0,201,67,67,67
16777216,135,135,0,202,67,67,67
17006112,136,136,0,203,67,67,68
17915904,137,137,0,204,68,67,68
18874368,137,137,0,205,68,68,68
19131876,138,138,0,206,69,68,68
20155392,139,139,0,207,69,69,68
21233664,139,139,0,208,69,69,69
22674816,140,140,0,209,69,69,70
23887872,141,141,0,210,70,69,70
25165824,142,141,1,211,71,70,70
25509168,143,142,1,212,72,70,70
26873856,143,143,0,213,72,71,70
28311552,143,143,0,214,72,71,71
28697814,144,144,0,215,72,72,71
30233088,144,144,0,216,72,72,72
31850496,145,145,0,217,73,72,72
33554432,146,146,0,218,73,72,72
34012224,147,147,0,219,74,72,72
35831808,148,148,0,220,74,73,72
37748736,148,148,0,221,74,73,73
38263752,149,149,0,222,74,74,73
40310784,149,149,0,223,74,74,74
42467328,150,150,0,224,75,74,74
43046721,151,151,0,225,75,74,75
45349632,152,152,0,226,76,74,75
47775744,152,152,0,227,76,75,75
50331648,153,152,1,228,76,76,76
51018336,154,153,1,229,76,77,76
53747712,154,154,0,230,76,77,77
56623104,154,154,0,231,77,77,77
57395628,155,155,0,232,77,77,78
60466176,156,156,0,233,78,77,78
63700992,156,156,0,234,78,78,78
67108864,157,157,0,235,78,78,78
68024448,158,158,0,236,78,79,78
71663616,159,159,0,237,78,79,79
75497472,159,159,0,238,79,79,79
76527504,160,160,0,239,79,79,80
80621568,161,161,0,240,80,79,80
84934656,161,161,0,241,80,80,80
86093442,162,162,0,242,81,80,80
90699264,163,163,0,243,81,81,80
95551488,163,163,0,244,81,81,81
100663296,164,164,0,245,82,81,82
102036672,165,165,0,246,82,81,83
107495424,166,166,0,247,83,81,83
113246208,166,166,0,248,83,82,83
114791256,167,167,0,249,84,82,83
120932352,167,167,0,250,84,83,83
127401984,168,168,0,251,84,83,84
129140163,168,168,0,252,84,84,84
134217728,169,169,0,253,84,84,84
136048896,170,170,0,254,84,84,85
143327232,171,171,0,255,85,84,85
150994944,171,171,0,256,85,85,85
153055008,172,172,0,257,86,85,85
161243136,173,173,0,258,86,86,85
169869312,173,173,0,259,86,86,86
172186884,174,174,0,260,86,87,86
181398528,175,175,0,261,86,87,87
191102976,175,175,0,262,87,87,87
201326592,176,176,0,263,88,88,87
204073344,177,177,0,264,89,88,87
214990848,178,178,0,265,89,89,87
226492416,178,178,0,266,89,89,88
229582512,179,179,0,267,89,90,88
241864704,179,179,0,268,89,90,89
254803968,180,180,0,269,90,90,89
258280326,180,180,0,270,90,90,90
268435456,181,181,0,271,90,90,90
272097792,182,182,0,272,91,90,90
286654464,183,183,0,273,91,91,90
301989888,183,183,0,274,91,91,91
306110016,184,184,0,275,91,92,91
322486272,185,185,0,276,91,92,92
339738624,185,185,0,277,92,92,92
344373768,186,186,0,278,92,92,93
362797056,187,187,0,279,93,92,93
382205952,187,187,0,280,93,93,93
387420489,188,188,0,281,94,93,93
402653184,189,188,1,282,94,94,94
408146688,190,189,1,283,94,95,94
429981696,190,190,0,284,94,95,95
452984832,190,190,0,285,95,95,95
459165024,191,191,0,286,95,95,96
483729408,192,192,0,287,96,95,96
509607936,192,192,0,288,96,96,96
516560652,193,193,0,289,97,96,96
536870912,194,194,0,290,97,96,96
544195584,195,195,0,291,97,97,96
573308928,195,195,0,292,97,97,97
603979776,196,196,0,293,98,97,97
612220032,197,197,0,294,98,97,98
644972544,198,198,0,295,99,97,98
679477248,198,198,0,296,99,98,98
688747536,199,199,0,297,100,98,98
725594112,200,200,0,298,100,99,98
764411904,200,200,0,299,100,99,99
774840978,201,201,0,300,100,100,99
805306368,201,201,0,301,101,100,100
816293376,202,202,0,302,101,100,101
859963392,203,203,0,303,102,100,101
905969664,203,203,0,304,102,101,101
918330048,204,204,0,305,103,101,101
967458816,205,205,0,306,103,102,101
1019215872,205,205,0,307,103,102,102
1033121304,206,206,0,308,103,103,102
1073741824,207,207,0,309,103,103,102
1088391168,207,207,0,310,103,103,103
1146617856,208,208,0,311,104,103,103
1162261467,209,209,0,312,104,103,104
1207959552,209,209,0,313,104,104,104
1224440064,210,210,0,314,105,104,104
1289945088,211,211,0,315,105,105,104
1358954496,211,211,0,316,105,105,105
1377495072,212,212,0,317,105,106,105
1451188224,213,213,0,318,105,106,106
1528823808,213,213,0,319,106,106,106
1549681956,214,214,0,320,106,106,107
1610612736,215,214,1,321,107,107,107
1632586752,216,215,1,322,108,107,107
1719926784,216,216,0,323,108,108,107
1811939328,216,216,0,324,108,108,108
1836660096,217,217,0,325,108,109,108
1934917632,218,218,0,326,108,109,109
2038431744,218,218,0,327,109,109,109
2066242608,219,219,0,328,109,109,110
2147483648,220,220,0,329,109,109,110
2176782336,221,221,0,330,110,109,110
2293235712,221,221,0,331,110,110,110
2324522934,222,222,0,332,111,110,110
2415919104,223,223,0,333,111,110,111
2448880128,223,223,0,334,111,111,111
2579890176,224,224,0,335,111,111,112
2717908992,225,225,0,336,112,111,112
2754990144,226,226,0,337,112,111,113
2902376448,227,227,0,338,113,111,113
3057647616,227,227,0,339,113,112,113
3099363912,228,228,0,340,114,112,113
3221225472,228,228,0,341,114,113,114
3265173504,229,228,1,342,114,114,114
3439853568,229,229,0,343,114,114,115
3486784401,230,230,0,344,114,115,115
3623878656,230,230,0,345,115,115,115
3673320192,231,231,0,346,115,115,116
3869835264,232,232,0,347,116,115,116
4076863488,232,232,0,348,116,116,116
4132485216,233,233,0,349,117,116,116
4294967296,234,234,0,350,117,116,116
4353564672,235,235,0,351,117,117,116
4586471424,235,235,0,352,117,117,117
4649045868,236,236,0,353,117,118,117
4831838208,237,237,0,354,118,118,117
4897760256,237,237,0,355,118,118,118
5159780352,238,238,0,356,119,118,118
5435817984,239,239,0,357,119,119,118
5509980288,240,240,0,358,120,119,118
5804752896,241,241,0,359,120,120,118
6115295232,241,241,0,360,120,120,119
6198727824,242,242,0,361,120,121,119
6442450944,242,242,0,362,121,121,120
6530347008,243,242,1,363,121,121,121
6879707136,243,243,0,364,122,121,121
6973568802,244,244,0,365,122,121,122
7247757312,244,244,0,366,122,122,122
7346640384,245,245,0,367,123,122,122
7739670528,246,246,0,368,123,123,122
8153726976,246,246,0,369,123,123,123
8264970432,247,247,0,370,123,124,123
8589934592,248,248,0,371,123,124,123
8707129344,249,249,0,372,123,124,124
9172942848,249,249,0,373,124,124,124
9298091736,250,250,0,374,124,124,125
9663676416,251,251,0,375,124,125,125
9795520512,251,251,0,376,125,125,125
10319560704,252,252,0,377,125,126,125
10460353203,253,253,0,378,126,126,125
10871635968,253,253,0,379,126,126,126
11019960576,254,254,0,380,126,127,126
11609505792,255,255,0,381,126,127,127
12230590464,255,255,0,382,127,127,127
12397455648,256,256,0,383,127,127,128
12884901888,257,256,1,384,128,128,128
13060694016,258,257,1,385,129,128,128
13759414272,258,258,0,386,129,129,128
13947137604,259,259,0,387,130,129,128
14495514624,259,259,0,388,130,129,129
14693280768,260,260,0,389,130,130,129
15479341056,260,260,0,390,130,130,130
16307453952,261,261,0,391,131,130,130
16529940864,262,262,0,392,131,130,131
17179869184,263,263,0,393,131,130,131
17414258688,264,264,0,394,132,130,131
18345885696,264,264,0,395,132,131,131
18596183472,265,265,0,396,133,131,131
19327352832,266,266,0,397,133,131,132
19591041024,266,266,0,398,133,132,132
20639121408,267,267,0,399,133,132,133
20920706406,267,267,0,400,133,133,133
21743271936,268,268,0,401,134,133,133
22039921152,269,269,0,402,134,133,134
23219011584,270,270,0,403,135,133,134
24461180928,270,270,0,404,135,134,134
24794911296,271,271,0,405,136,134,134
25769803776,272,271,1,406,136,135,135
26121388032,273,272,1,407,136,136,135
27518828544,273,272,1,408,136,136,136
27894275208,274,273,1,409,136,137,136
28991029248,274,274,0,410,137,137,136
29386561536,274,274,0,411,137,137,137
30958682112,275,275,0,412,138,137,137
31381059609,276,276,0,413,138,137,138
32614907904,276,276,0,414,138,138,138
33059881728,277,277,0,415,139,138,138
34359738368,278,278,0,416,139,138,138
34828517376,279,279,0,417,139,139,138
36691771392,279,279,0,418,139,139,139
37192366944,280,280,0,419,139,140,139
38654705664,281,281,0,420,140,140,139
39182082048,281,281,0,421,140,140,140
41278242816,282,282,0,422,141,140,140
41841412812,283,283,0,423,141,140,141
43486543872,283,283,0,424,141,141,141
44079842304,284,284,0,425,142,141,141
46438023168,285,285,0,426,142,142,141
48922361856,285,285,0,427,142,142,142
49589822592,286,286,0,428,142,143,142
51539607552,287,286,1,429,143,143,143
52242776064,288,287,1,430,143,143,144
55037657088,288,288,0,431,144,143,144
55788550416,289,289,0,432,144,143,145
57982058496,289,289,0,433,144,144,145
58773123072,290,290,0,434,145,144,145
61917364224,290,290,0,435,145,145,145
62762119218,291,291,0,436,146,145,145
65229815808,292,292,0,437,146,145,146
66119763456,292,292,0,438,146,146,146
68719476736,293,293,0,439,146,146,146
69657034752,294,294,0,440,146,146,147
73383542784,295,295,0,441,147,146,147
74384733888,296,296,0,442,147,146,148
77309411328,296,296,0,443,147,147,148
78364164096,297,297,0,444,148,147,148
82556485632,297,297,0,445,148,148,148
83682825624,298,298,0,446,149,148,148
86973087744,299,299,0,447,149,148,149
88159684608,299,299,0,448,149,149,149
92876046336,300,300,0,449,149,149,150
94143178827,301,301,0,450,149,150,150
97844723712,301,301,0,451,150,150,150
99179645184,302,302,0,452,150,150,151
103079215104,303,302,1,453,151,151,151
104485552128,304,303,1,454,152,151,151
110075314176,304,304,0,455,152,152,151
111577100832,305,305,0,456,153,152,151
115964116992,305,305,0,457,153,152,152
117546246144,306,306,0,458,153,153,152
123834728448,306,306,0,459,153,153,153
125524238436,307,307,0,460,153,154,153
130459631616,308,308,0,461,154,154,153
132239526912,308,308,0,462,154,154,154
137438953472,309,309,0,463,154,154,154
139314069504,310,310,0,464,155,154,154
146767085568,311,311,0,465,155,155,154
148769467776,312,312,0,466,156,155,154
154618822656,312,312,0,467,156,155,155
156728328192,313,313,0,468,156,156,155
165112971264,313,313,0,469,156,156,156
167365651248,314,314,0,470,156,157,156
173946175488,315,315,0,471,157,157,156
176319369216,315,315,0,472,157,157,157
185752092672,316,316,0,473,158,157,157
188286357654,317,317,0,474,158,157,158
195689447424,317,317,0,475,158,158,158
198359290368,318,318,0,476,159,158,158
206158430208,319,318,1,477,159,159,159
208971104256,320,319,1,478,159,160,159
220150628352,320,320,0,479,159,160,160
223154201664,321,321,0,480,159,161,160
231928233984,321,321,0,481,160,161,160
235092492288,322,322,0,482,160,161,161
247669456896,322,322,0,483,161,161,161
251048476872,323,323,0,484,161,161,162
260919263232,324,324,0,485,161,162,162
264479053824,324,324,0,486,162,162,162
274877906944,325,325,0,487,162,162,162
278628139008,326,326,0,488,162,163,162
282429536481,327,327,0,489,163,163,162
293534171136,327,327,0,490,163,163,163
297538935552,328,328,0,491,163,164,163
309237645312,329,329,0,492,164,164,163
313456656384,329,329,0,493,164,164,164
330225942528,330,330,0,494,165,164,164
334731302496,331,331,0,495,165,164,165
347892350976,331,331,0,496,165,165,165
352638738432,332,332,0,497,166,165,165
371504185344,333,333,0,498,166,166,165
376572715308,334,334,0,499,167,166,165
391378894848,334,334,0,500,167,166,166
396718580736,335,335,0,501,167,167,166
412316860416,335,335,0,502,168,167,167
417942208512,336,336,0,503,168,167,168
440301256704,337,337,0,504,169,167,168
446308403328,338,338,0,505,169,167,169
463856467968,338,338,0,506,169,168,169
470184984576,339,339,0,507,170,168,169
