k,complete,b_k,b_k_display,sum_b_0_to_k,sum_b_display,sum_b_over_3k,sum_weighted_display
0,1,0,0.0,0,0.0,0,0.0
1,1,1,1.0,1,1.0,1/3,0.3333333333333333
2,1,-3/4,-0.75,1/4,0.25,1/4,0.25
3,1,-3/4,-0.75,-1/2,-0.5,2/9,0.2222222222222222
4,1,-51/64,-0.796875,-83/64,-1.296875,367/1728,0.21238425925925927
5,1,-87/128,-0.6796875,-253/128,-1.9765625,2173/10368,0.2095871913580247
6,1,-267/512,-0.521484375,-1279/512,-2.498046875,25987/124416,0.2088718492798354
7,1,-2037/2048,-0.99462890625,-7153/2048,-3.49267578125,311165/1492992,0.20841705782750342
8,1,-1767/4096,-0.431396484375,-16073/4096,-3.924072265625,1866401/8957952,0.20835130619141518
9,1,14367/8192,1.7537841796875,-17779/8192,-2.1702880859375,11203195/53747712,0.20844040765865532
10,1,-1803/2048,-0.88037109375,-24991/8192,-3.0506591796875,33607181/161243136,0.20842549849687866
11,1,-4215/65536,-0.0643157958984375,-204143/65536,-3.1149749755859375,806570939/3869835264,0.20842513543232832
12,1,691635/524288,1.3191890716552734,-941509/524288,-1.795785903930664,19357933081/92876046336,0.20842761771930213
13,1,647709/1048576,0.6177034378051758,-1235309/1048576,-1.1780824661254883,116147814389/557256278016,0.20842800515863394
14,1,-4620261/4194304,-1.1015560626983643,-9561497/4194304,-2.2796385288238525,1393772232581/6687075336192,0.20842777485062594
15,1,10001091/8388608,1.1922229528427124,-9121903/8388608,-1.0874155759811401,8362636729183/40122452017152,0.20842785793869342
16,1,2912325/4194304,0.694352388381958,-3297253/8388608,-0.39306318759918213,25087912129099/120367356051456,0.20842787406889735
17,1,-35603961/33554432,-1.0610807240009308,-48792973/33554432,-1.454143911600113,301054933681201/1444408272617472,0.2084278658523929
18,1,370798827/268435456,1.3813332729041576,-19544957/268435456,-0.07281063869595528,7225318531948433/34665798542819328,0.20842786941785552
19,1,280144833/1073741824,0.26090520713478327,201965005/1073741824,0.188094568438828,86703822476762807/415989582513831936,0.20842786964233617
20,1,621701355/2147483648,0.2895022532902658,1025631365/2147483648,0.4775968217290938,520222935067810627/2495937495082991616,0.2084278697253646
21,1,2763582273/8589934592,0.321723319706507,6866107733/8589934592,0.7993201414356008,2080891740578307205/9983749980331966464,0.20842786975612104
22,1,2716181421/17179869184,0.15810256713302806,16448396887/17179869184,0.9574227085686289,37456051331314923497/179707499645975396352,0.2084278697611592
23,1,13566575373/68719476736,0.1974196547671454,79360162921/68719476736,1.1548423633357743,449472615980301273755/2156489995751704756224,0.20842786976325622
24,1,9098004699/8589934592,1.0591471450170502,152144200513/68719476736,2.2139895083528245,449472615988388389043/2156489995751704756224,0.20842786976700634
25,1,-796655795343/549755813888,-1.4491084500023135,420497808761/549755813888,0.764881058350511,32362028350898412079315/155267279694122742448128,0.20842786976529606
26,1,-1737753915957/2199023255552,-0.790238989774025,-55762680913/2199023255552,-0.025357931423513946,388344340210201693646461/1863207356329472909377536,0.20842786976498517
27,1,4075892566785/4398046511104,0.9267506736216546,3964367204959/4398046511104,0.9013927421981407,776688680420856264244787/3726414712658945818755072,0.2084278697651067
28,1,-27292674275445/17592186044416,-1.55140891567072,-11435205455609/17592186044416,-0.6500161734725793,27960792495141727954720517/134150929655722049475182592,0.20842786976503888
29,1,-36935854397367/35184372088832,-1.049780121245675,-59806265308585/35184372088832,-1.6997962947182543,167764754970838055776857313/804905577934332296851095552,0.2084278697650236
30,1,15296539556025/17592186044416,0.8695076051040473,-29213186196535/35184372088832,-0.830288689614207,167764754970841455007869763/804905577934332296851095552,0.2084278697650278
31,1,-131664584917743/140737488355328,-0.9355331437017114,-248517329703883/140737488355328,-1.7658218333159184,6039531178950248492088338887/28976600805635962686639439872,0.2084278697650263
32,1,-718505744573433/281474976710656,-2.552645187042774,-1215540403981199/281474976710656,-4.318467020358693,36237187073701251450615175511/173859604833815776119836639232,0.20842786976502492
33,1,-724528054530399/4503599627370496,-0.16087754562530399,-20173174518229583/4503599627370496,-4.479344565983997,1739384979537659828120176914395/8345261032023157253752158683136,0.2084278697650249
34,1,-8699411899018293/9007199254740992,-0.9658287390988166,-49045760935477459/9007199254740992,-5.445173305082813,10436309877225956068917095146939/50071566192138943522512952098816,0.20842786976502484
35,1,-91197719718596439/36028797018963968,-2.5312452056224353,-287380763460506275/36028797018963968,-7.9764185107052485,125235718526711442427765235564455/600858794305667322270155425185792,0.20842786976502478
36,1,-87324373645778355/144115188075855872,-0.6059345639532084,-1236847427487803455/144115188075855872,-8.582353074658457,1502828622320537280025058278180675/7210305531668007867241865102229504,0.20842786976502478
37,1,-93202684155026463/144115188075855872,-0.646723536911104,-665025055821414959/72057594037927936,-9.22907661156956,1127121466740402952251903362383301/5407729148751005900431398826672128,0.20842786976502478
38,1,-267334565829322371/576460752303423488,-0.46375154728419266,-5587535012400642043/576460752303423488,-9.692828158853754,54101830403539341618979839451290991/259570999140048283220707143680262144,0.20842786976502478
39,1,-225746581809115131/576460752303423488,-0.39160789508579086,-2906640797104878587/288230376151711744,-10.084436053939545,40576372802654506195422664437708649/194678249355036212415530357760196608,0.20842786976502478
40,1,-4232005989494681379/9223372036854775808,-0.45883500877818006,-97244511496850796163/9223372036854775808,-10.543271062717725,7790663578109665188110482908875166815/37378223876166952783781828689957748736,0.20842786976502478
41,1,-7221598435615232775/18446744073709551616,-0.3914836356355978,-201710621429316825101/18446744073709551616,-10.934754698353322,46743981468657991126255697974712589965/224269343257001716702690972139746492416,0.20842786976502478
42,1,-16689009363953131515/73786976294838206464,-0.2261782526128614,-823531495081220431919/73786976294838206464,-11.160932950966183,560927777623895893509505372575233369075/2691232119084020600432291665676957908992,0.20842786976502478
43,1,-197101610438319375621/295147905179352825856,-0.6678062319925545,-3491227590763201103297/295147905179352825856,-11.828739182958738,6731133331486750722048363934090027303693/32294785429008247205187499988123494907904,0.20842786976502478
44,1,-114685934994043145367/590295810358705651712,-0.19428553105323892,-7097141116520445351961/590295810358705651712,-12.023024714011978,40386799988920504332251954959542149440369/193768712574049483231124999928740969447424,0.20842786976502478
45,1,2301427055311961336655/1180591620717411303424,1.9493845415516764,-11892855177728929367267/1180591620717411303424,-10.073640172460301,242320799933523025994278872109023550421099/1162612275444296899386749999572445816684544,0.20842786976502478
46,1,-183133706641214786043/295147905179352825856,-0.6204811331116504,-12625390004293788511439/1180591620717411303424,-10.69412130557195,726962399800569077982592438051549031548573/3487836826332890698160249998717337450053632,0.20842786976502478
47,1,1021187106383780873433/9444732965739290427392,0.10812239055229309,-99981932927966527218079/9444732965739290427392,-10.585998915019658,17447097595213657871582558908939304684123563/83708083831989376755845999969216098801287168,0.20842786976502478
48,1,112132129556296040522019/75557863725914323419136,1.4840563778120386,-687723333867436177222613/75557863725914323419136,-9.10194253720762,418730342285127788918018791191062077765806185/2008994011967745042140303999261186371230892032,0.20842786976502478
49,1,112143487556380475328429/151115727451828646838272,0.7421033498457571,-1263303180178491879116797/151115727451828646838272,-8.359839187361862,2512382053710766733508150128308891260086613253/12053964071806470252841823995567118227385352192,0.20842786976502478
50,1,-561667747256236659083253/604462909807314587353088,-0.9292013424533859,-5614880467970204175550441/604462909807314587353088,-9.289040529815248,30148584644529200802097614317124276375486331285/144647568861677643034101887946805418728624226304,0.20842786976502478
51,1,1572606939193059223284531/1208925819614629174706176,1.3008299712668567,-9657153996747349127816351/1208925819614629174706176,-7.988210558548392,180891507867175204812586210105058722605992415887/867885413170065858204611327680832512371745357824,0.20842786976502478
52,1,453223269787292572714581/604462909807314587353088,0.7497950038518776,-8750707457172763982387189/1208925819614629174706176,-7.238415554696514,542674523601525614437758932464022692679692390715/2603656239510197574613833983042497537115236073472,0.20842786976502478
53,1,-2847377301838048426879617/9671406556917033397649408,-0.294411912587998,-72853036959220160285977129/9671406556917033397649408,-7.532827467284512,13024188566436614746506213430010777344963141750621/62487749748244741790732015593019940890765665763328,0.20842786976502478
54,1,-2564920026742418718137025/9671406556917033397649408,-0.26520651485879027,-37708978492981289502057077/4835703278458516698824704,-7.798033982143302,9768141424827461059879659858764747446854129801547/46865812311183556343049011694764955668074249322496,0.20842786976502478
55,1,-63174395389457851008327201/154742504910672534362390528,-0.4082549615306165,-1269861707164859115074153665/154742504910672534362390528,-8.206288943673918,1875483153566872523496894671824699713310042585787957/8998235963747242817865410245394871488270255869919232,0.20842786976502478
56,1,-116975417315175964090702317/309485009821345068724781056,-0.37796795839223946,-2656698831644894194239009647/309485009821345068724781056,-8.584256902066159,11252898921401235140981367991956392508134934151160303/53989415782483456907192461472369228929621535219515392,0.20842786976502478
57,1,-437403728046451933250920425/1237940039285380274899124224,-0.3533319176742598,-11064199054626028710206959013/1237940039285380274899124224,-8.937588819740418,135034787056814821691776415757675467415468565396950161/647872989389801482886309537668430747155458422634184704,0.20842786976502478
58,1,-659855586006699044088036669/1237940039285380274899124224,-0.533027097489803,-5862027320316363877147497841/618970019642690137449562112,-9.470615917230221,101276090292611116268832311763268635061043170373709565/485904742042351112164732153251323060366593816975638528,0.20842786976502478
59,1,-2562292776709317238083861465/4951760157141521099596496896,-0.5174509054147,-49458511339240228255263844193/4951760157141521099596496896,-9.988066822644921,4861252334045333580903950963782796890693633098576771965/23323427618032853383907143356063506897596503214830649344,0.20842786976502478
60,1,6670726776349790162879623479/19807040628566084398385987584,0.3367856360494936,-191163318580611122858175753293/19807040628566084398385987584,-9.651281186595428,58335028008544002970847411567617138280440193903881138073/279881131416394240606885720272762082771158038577967792128,0.20842786976502478
61,1,-42645411188996982321911645613/19807040628566084398385987584,-2.153043051140763,-116904364884804052590043699453/9903520314283042199192993792,-11.804324237736191,43751271006408002228135558672159069444580396901084883087/209910848562295680455164290204571562078368528933475844096,0.20842786976502478
62,1,-233979951459879312620497963377/158456325028528675187087900672,-1.4766210904976704,-2104449789616744154061197154625/158456325028528675187087900672,-13.28094532823386,4200122016615168213901013632449277349526424998297316121893/20151441461980385323695771859638869959523378777613681033216,0.20842786976502478
63,1,161426568424238148714136435857/633825300114114700748351602688,0.2546862177877322,-8256372590042738467530652182643/633825300114114700748351602688,-13.026259110446128,50401464199382018566812163589445137050458512695805838941335/241817297543764623884349262315666439514280545331364172398592,0.20842786976502478
64,1,-2830760594299407866925122951673/1267650600228229401496703205376,-2.2330763648830003,-19343505774384884801986427316959/1267650600228229401496703205376,-15.259335475329129,302408785196292111400872981535727235437984606885859992664119/1450903785262587743306095573893998637085683271988185034391552,0.20842786976502478
65,1,-10045102761006898357098761600739/5070602400912917605986812821504,-1.9810472142714968,-87419125858546437565044470868575/5070602400912917605986812821504,-17.240382689600626,3628905422355505336810475778425378457668812983177953658102515/17410845423151052919673146886727983645028199263858220412698624,0.20842786976502478
66,1,5099165477948503219685202786099/10141204801825835211973625643008,0.5028165368507737,-169739086239144371910403738951051/10141204801825835211973625643008,-16.737566152749853,21773432534133032020862854670553970467838860733474283682877123/104465072538906317518038881320367901870169195583149322476191744,0.20842786976502478
67,1,-9450546613024931881996087546383/40564819207303340847894502572032,-0.23297396112450672,-688406891569602419523611043350587/40564819207303340847894502572032,-16.97054011387436,261281190409596384250354256046644495431861987157730738832010015/1253580870466875810216466575844414822442030346997791869714300928,0.20842786976502478
68,1,-75455247584481448481031271858197/40564819207303340847894502572032,-1.86011546603655,-47741383697130241750290144700549/2535301200456458802993406410752,-18.83065557991091,391921785614394576375531384069954167273195567161849269702705323/1880371305700313715324699863766622233663045520496687804571451392,0.20842786976502478
69,1,186453120262188285610632378087621/324518553658426726783156020576256,0.5745530360598126,-5924443992970482658426506143582651/324518553658426726783156020576256,-18.256102543851096,18812245709490939666025506435357862180153474619863968489855884711/90257822673615058335585593460797867215826184983841014619429666816,0.20842786976502478
70,1,-61571438945573091021443379300027/324518553658426726783156020576256,-0.18973164477486348,-2993007715958027874723974761441339/162259276829213363391578010288128,-18.44583418862596,14109184282118204749519129826518391504161860500473724580443638531/67693367005211293751689195095598400411869638737880760964572250112,0.20842786976502478
71,1,-4637646577219851453815901931298739/2596148429267413814265248164610048,-1.7863564829105367,-52525770032548297449399498114360163/2596148429267413814265248164610048,-20.232190671536497,1354481691083347655953836463345764038517346201428326287755278866063/6498563232500284200162162729177446439539485318836553052598936010752,0.20842786976502478
72,1,4800718469894714273278262558221089/20769187434139310514121985316880384,0.23114618639357756,-415405441790491665321917722356660215/20769187434139310514121985316880384,-20.00104448514292,32507560586000343742892075120298338524655798799184588665547545525875/155965517580006820803891905500258714548947647652077273262374464258048,0.20842786976502478
73,1,3347122477391006796942451583606961/20769187434139310514121985316880384,0.16115808516847321,-206029159656550329262487635386526627/10384593717069655257060992658440192,-19.839886399974446,24380670439500257807169056340223754172418722215305674577698291111653/116974138185005115602918929125194035911710735739057954946780848193536,0.20842786976502478
74,1,24924533217013248532053354299014413/83076749736557242056487941267521536,0.3000181554532509,-1623308744035389385567847728793198603/83076749736557242056487941267521536,-19.539868244521195,1170272181096012374744114704330740208584276405339088557080636073030815/5614758632880245548940108598009313723762115315474781837445480713289728,0.20842786976502478
75,1,33662218579023475660653166086816549/83076749736557242056487941267521536,0.40519421722406035,-794823262728182954953597281353191027/41538374868278621028243970633760768,-19.134674027297134,877704135822009281058086028248055159243392185589606056198240895341157/4211068974660184161705081448506985292821586486606086378084110534967296,0.20842786976502478
76,1,207970757261926589303853387657272751/664613997892457936451903530140172288,0.31291961638096377,-12509201446389000689953703113993783681/664613997892457936451903530140172288,-18.82175441091617,84259597038912890981576258711813295356689235570577711162982255171841989/404262621567377679523687819056670588110872302714184292296074611356860416,0.20842786976502478
77,1,44589924038237548894565151622918413/2658455991569831745807614120560689152,0.016772865219373812,-49992215861517765210920247304352216311/2658455991569831745807614120560689152,-18.804981545696798,1011115164466954691778915104541759544295134134859678383587308779269743339/4851151458808532154284253828680047057330467632570211507552895336282324992,0.20842786976502478
78,1,19265613859212015029296274906103414111/10633823966279326983230456482242756608,1.8117296205301834,-180703249586859045814384714311305451133/10633823966279326983230456482242756608,-16.993251925166614,12133381973603456301346981254501114537963480904720145612813130319938058105/58213817505702385851411045944160564687965611590842538090634744035387899904,0.20842786976502478
79,1,-26468789500884650341069979594709261501/42535295865117307932921825928971026432,-0.6222782506278837,-749281787848320833598608836839931066033/42535295865117307932921825928971026432,-17.615530175794497,145600583683241475616163775054013374446738841023013530573400903974353610093/698565810068428630216932551329926776255587339090110457087616928424654798848,0.20842786976502478
80,1,-15875495452862995009028293457582335959/85070591730234615865843651857942052864,-0.18661555221345363,-1514439071149504662206245967137444468025/85070591730234615865843651857942052864,-17.80214572800795,873603502099448853696982650324080246675141214320460185104062659360260881905/4191394860410571781301595307979560657533524034540662742525701570547928793088,0.20842786976502478
81,1,324687892530739743972129609041480680575/170141183460469231731687303715884105728,1.9083439172513927,-2704190249768269580440362325233408255475/170141183460469231731687303715884105728,-15.893801810756559,5241621012596693122181895901944481480159076583433007691948419159175392184955/25148369162463430687809571847877363945201144207243976455154209423287572758528,0.20842786976502478
82,1,-27627844508609482263446331344621432211/42535295865117307932921825928971026432,-0.6495275029053401,-2814701627802707509494147650611893984319/170141183460469231731687303715884105728,-16.543329313661896,15724863037790079366545687705833444440440392624287543766160662369066681311917/75445107487390292063428715543632091835603432621731929365462628269862718275584,0.20842786976502478
83,1,58546482294538081471891531717573272105/1361129467683753853853498429727072845824,0.04301316199859162,-22459066540127121994481289673177578602447/1361129467683753853853498429727072845824,-16.500316151663306,377396712906961904797096504940002666570588938476999229748346527368172875910043/1810682579697367009522289173047170204054482382921566304771103078476705238614016,0.20842786976502478
84,1,15243973856055155651656822713828277030803/10889035741470030830827987437816582766592,1.3999379024902716,-164428558464961820304193494671592351788773/10889035741470030830827987437816582766592,-15.100378249173035,9057521109767085715130316118560063997699215848066666565844202264407425114184633/43456381912736808228534940153132084897307577190117591314506473883440925726736384,0.20842786976502478
85,1,13007966843862741643463737381461740089917/21778071482940061661655974875633165533184,0.5972965445564169,-315849150086060898964923251961722963487629/21778071482940061661655974875633165533184,-14.503081704616617,54345126658602514290781896711360383986199631077347953642279701498905037931804437/260738291476420849371209640918792509383845463140705547887038843300645554360418304,0.20842786976502478
86,1,-88883373453925558632373071793602714270981/87112285931760246646623899502532662132736,-1.0203310876671599,-1352279973798169154492066079640494568221497/87112285931760246646623899502532662132736,-15.523412792283777,652141519903230171489382760536324607834365945137024135187812293629595920943562917/3128859497717050192454515691025510112606145557688466574644466119607746652325019648,0.20842786976502478
87,1,201169450539022056556275576998191687186083/174224571863520493293247799005065324265472,1.1546560188800976,-2503390497057316252427856582282797449256911/174224571863520493293247799005065324265472,-14.36875677340368,3912849119419381028936296563217947647006262727305657818479059186969908256223772863/18773156986302301154727094146153060675636873346130799447866796717646479913950117888,0.20842786976502478
88,1,46019134808075056027760708999020288764261/87112285931760246646623899502532662132736,0.528273759732632,-2411352227441166140372335164284756871728389/174224571863520493293247799005065324265472,-13.840483013671047,11738547358258143086808889689653842941018818861340178838807862734715724115530494763/56319470958906903464181282438459182026910620038392398343600390152939439741850353664,0.20842786976502478
89,1,-651513919636262168833574717954485043444049/1393796574908163946345982392040522594123776,-0.46743831299713867,-19942331739165591291812256032232540017271161/1393796574908163946345982392040522594123776,-14.307921326668186,281725136598195434083413352551692230584451435500857746710665761108271393944384059629/1351667303013765683140350778523020368645854880921417560246409363670546553804408487936,0.20842786976502478
90,1,-582883642962852438558269070711002323557777/1393796574908163946345982392040522594123776,-0.41819850432711686,-10262607691064221865185262551471771170414469/696898287454081973172991196020261297061888,-14.726119830995303,211293852448646575562560014413769172938338528052006396461962774308780986208094414907/1013750477260324262355263083892265276484391160691063170184807022752909915353306365952,0.20842786976502478
91,1,-13048477273741158721858571849064484545076977/22300745198530623141535718272648361505980416,-0.5851139572950643,-341451923387796258407786973496161161998339985/22300745198530623141535718272648361505980416,-15.311233788290368,40568419670140142508011522767443681204160993036492803540310612047761999663792612636485/194640091633982258372210512107314933085003102852684128675482948368558703747834822262784,0.20842786976502478
92,1,-23628881316955531191431521678052864387283069/44601490397061246283071436545296723011960832,-0.5297778416506104,-706532728092548048007005468670375188383963039/44601490397061246283071436545296723011960832,-15.841011629940978,243410518020840855048069136604662087224965950342663048923353275142731438631800880057887/1167840549803893550233263072643889598510018617116104772052897690211352222487008933576704,0.20842786976502478
93,1,-82616921640355057932589154107229651429376825/178405961588244985132285746181186892047843328,-0.46308386168749316,-2908747834010547249960611028788730404965228981/178405961588244985132285746181186892047843328,-16.30409549162847,2920926216250090260576829639255945046699591376572982706961886657516392561171726750902369/14014086597646722602799156871726675182120223405393257264634772282536226669844107202920448,0.20842786976502478
94,1,-121110306204720226125270853749553451871743181/178405961588244985132285746181186892047843328,-0.6788467443943312,-1514929070107633738042940941269141928418486081/89202980794122492566142873090593446023921664,-16.9829422360228,2190694662187567695432622229441958785024693522337211513161396149364723275082674073864845/10510564948235041952099367653795006386590167554044942948476079211902170002383080402190336,0.20842786976502478
95,1,-479676614916601415197756520905861930895815209/713623846352979940529142984724747568191373312,-0.6721701038551602,-12599109175777671319541284051058997358243703857/713623846352979940529142984724747568191373312,-17.655112339877963,105153343785003249380765867013214021681185288912293947659546543436921210235347711913574157/504507117515282013700769647382160306556328042594157261526851802171304160114387859305136128,0.20842786976502478
96,1,889719521045248339424311042261745433994147815/2854495385411919762116571938898990272765493248,0.31169064963012955,-49506717182065436938740825161974243998980667613/2854495385411919762116571938898990272765493248,-17.343421690247833,1261840125420038992569190404158568260174223467244100545596307967717824870244754354294272489/6054085410183384164409235768585923678675936511129887138322221626055649921372654311661633536,0.20842786976502478
97,1,-6390262702519299769513507955635485569732882493/2854495385411919762116571938898990272765493248,-2.2386663279181125,-27948489942292368354127166558804864784356775053/1427247692705959881058285969449495136382746624,-19.582088018165944,946380094065029244426892803118926195130667599900553517320622661662242989713941968242964159/4540564057637538123306926826439442759006952383347415353741666219541737441029490733746225152,0.20842786976502478
98,1,-34082610255664562303724329257336964038287334209/22835963083295358096932575511191922182123945984,-1.4924971691076254,-481258449332342455969758994198214800587995735057/22835963083295358096932575511191922182123945984,-21.07458518727357,90852489030242807464981709099416914732544089579092267577558254751667217260092774271895447861/435894149533203659837464975338186504864667428801351873959199957076006794338831110439637614592,0.20842786976502478
99,1,26538044294921544253061666374172076541709637729/91343852333181432387730302044767688728495783936,0.29052906809888696,-1898495753034448279625974310418687125810273302499/91343852333181432387730302044767688728495783936,-20.784056119174682,1090229868362913689579780509193002976790529074957953225695672905104360495912503983443315253575/5230729794398443918049579704058238058376009145616222487510399484912081532065973325275651375104,0.20842786976502478
100,1,-395743628826498538472586752874030989210616220233/182687704666362864775460604089535377456991567872,-2.1662302318004016,-4192735134895395097724535373711405240831162825231/182687704666362864775460604089535377456991567872,-22.950286350975084,6541379210177482137478683055158017860743174449615804811231871251135300724517013570923019448039/31384378766390663508297478224349428350256054873697334925062396909472489192395839951653908250624,0.20842786976502478
101,1,-1345388130643258056731267904585738793530948348243/730750818665451459101842416358141509827966271488,-1.8411038294836268,-18116328670224838447629409399431359756855599649167/730750818665451459101842416358141509827966271488,-24.791390180458713,78496550522129785649744196661896214328918093394941195024568035661379852726008916586565917260387/376612545196687962099569738692193140203072658484368019100748762913669870308750079419846899007488,0.20842786976502478
102,1,875591039093342923509295972124415776616279196323/1461501637330902918203684832716283019655932542976,0.5991037004189806,-35357066301356333971749522826738303737094920102011/1461501637330902918203684832716283019655932542976,-24.192286480039733,470979303132778713898465179971377285973508560369939033827105994942782215013428304778267596627763/2259675271180127772597418432153158841218435950906208114604492577482019221852500476519081394044928,0.20842786976502478
103,1,-330720322587811949684405471812033942048425547839/5846006549323611672814739330865132078623730171904,-0.05657200685587268,-141758985528013147836682496778765248890428105955883/5846006549323611672814739330865132078623730171904,-24.248858486895603,5651751637593344566781582159656527431682102724439158165817742668663491778337202312691861684350543/27116103254161533271169021185837906094621231410874497375253910929784230662230005718228976728539136,0.20842786976502478
104,1,-10039940088282848130092960291584305086216204390181/5846006549323611672814739330865132078623730171904,-1.7174014438017484,-9487432851018499747923466066896847123540269396629/365375409332725729550921208179070754913983135744,-25.96625993069735,8477627456390016850172373239484791147523154086657063925378566861640222174123872751523423159127451/40674154881242299906753531778756859141931847116311746062880866394676345993345008577343465092808704,0.20842786976502478
105,1,34634681690091824949486644810577811945199048849109/46768052394588893382517914646921056628989841375232,0.74056283973243,-1179756723240276142784717011752218619867955433919403/46768052394588893382517914646921056628989841375232,-25.22569709096492,406926117906720808808273915495269975081111396159550613312067906633713826572882751343772711321067351/1952359434299630395524169525380329238812728661582963811018281586944464607680560411712486324454817792,0.20842786976502478
106,1,-127499456583685241346342870508788553604434236265659/374144419156711147060143317175368453031918731001856,-0.340776048112806,-9565553242505894383624078964526537512548077707620883/374144419156711147060143317175368453031918731001856,-25.56647313907773,9766226829761299411398573971886479401946673507829172219670768530795349723459016436066010260293527871/46856626423191129492580068609127901731505487877991131464438758086667150584333449881099671786915627008,0.20842786976502478
107,1,-210909382158216207568887344372694289543405901154975/748288838313422294120286634350736906063837462003712,-0.2818555768299144,-19342015867170004974817045273425769314639561316396741/748288838313422294120286634350736906063837462003712,-25.848328715907645,58597360978567796468391443831318876411680041046974963014897225112702908711639307718299547093127448901/281139758539146776955480411654767410389032927267946788786632548520002903506000699286598030721493762048,0.20842786976502478
108,1,-790505707956181776586820949778050995747204709505107/2993155353253689176481146537402947624255349848014848,-0.26410446991896624,-78158569176636201675855002043481128254305449975092071/2993155353253689176481146537402947624255349848014848,-26.11243318582661,703168331742813557620697325975826516940160492563699292676864049291842708932688433269262649382626218443/3373677102469761323465764939857208924668395127215361465439590582240034842072008391439176368657925144576,0.20842786976502478
109,1,-1048353743923289721009941945393841520500869698854831/2993155353253689176481146537402947624255349848014848,-0.3502503613063999,-39603461460279745698432471994437484887403159836973451/1496577676626844588240573268701473812127674924007424,-26.46268354713301,527376248807110168215522994481869887705120369422774382144836043361405280871020875465153611964494759263/2530257826852320992599323704892906693501296345411521099079692936680026131554006293579382276493443858432,0.20842786976502478
110,1,-3004967802126357652498915871143334714624581813990179/11972621413014756705924586149611790497021399392059392,-0.2509866217652074,-319832659484364323239958691826643213813849860509777787/11972621413014756705924586149611790497021399392059392,-26.71367016889822,25314059942741288074345103735129754609845777732293169341296196039228235982170378307882468499435143781231/121452375688911407644767537834859521288062224579753012755825260960641254314592302091810349271685305204736,0.20842786976502478
111,1,-1564623964676537606684286976424281630594511451029979/11972621413014756705924586149611790497021399392059392,-0.13068349116724962,-160698641724520430423321489401533747722222185980403883/5986310706507378352962293074805895248510699696029696,-26.844353660065465,18985544957055966055758827801347315957384333299219876875586816639709709762937202362221715491700403583425/91089281766683555733575653376144640966046668434814759566868945720480940735944226568857761953763978903552,0.20842786976502478
112,1,-45041749203528896641198180408248143106131246549668611/191561942608236107294793378393788647952342390272950272,-0.23512890185940488,-5187398284388182670187485841257328070217241197922592867/191561942608236107294793378393788647952342390272950272,-27.07948256192487,3645224631754745482705694937858684663817791993450216345098752393647965394084549384130521672362728638128063/17489142099203242700846525448219771065480960339484433836838837578332340621301291501220690295122683949481984,0.20842786976502478
113,1,-428386625487178851609525414698401120147682663333938575/766247770432944429179173513575154591809369561091801088,-0.5590706322644597,-21177979763039909532359468779727713401016647455024310043/766247770432944429179173513575154591809369561091801088,-27.63855319418933,43742695581056945792468339254304215965813503921402595998389486894715967525839454376765886685791855879557231/209869705190438912410158305378637252785771524073813206042066050939988087455615498014648283541472207393783808,0.20842786976502478
114,1,1824013303270690459035947622532536309746449778207118747/1532495540865888858358347027150309183618739122183602176,1.1902242157520984,-40531946222809128605682989936922890492286845131841501339/1532495540865888858358347027150309183618739122183602176,-26.44832897843723,87485391162113891584936678508608431931627007842805192199447118597286430500117533479369141121189242671016545/419739410380877824820316610757274505571543048147626412084132101879976174911230996029296567082944414787567616,0.20842786976502478
115,1,-7528220163941098260964288402801751507211685014290936775/6129982163463555433433388108601236734474956488734408704,-1.228098216796036,-169656005055177612683696248150493313476359065541656942131/6129982163463555433433388108601236734474956488734408704,-27.67642719523327,3149474081836100097057720426309903549538572282340986916670689548188612077682801737656705244625584398059616695/15110618773711601693531397987261882200575549733314550835028755667679142296804315857054676414985998932352434176,0.20842786976502478
116,1,-9736997559564316720334150365183809778150879003706321949/12259964326927110866866776217202473468949912977468817408,-0.7942109210039471,-349049007669919542087726646666170436730869010087020206211/12259964326927110866866776217202473468949912977468817408,-28.470638116237215,18896844491016600582346322557859421297231433694045921496778471435943566892652093637545628208369880053788926187/90663712642269610161188387923571293203453298399887305010172534006074853780825895142328058489915993594114605056,0.20842786976502478
117,1,7430979796813651534089788711120333646309549429002196339/6129982163463555433433388108601236734474956488734408704,1.2122351417438721,-334187048076292239019547069243929769438249911229015813533/12259964326927110866866776217202473468949912977468817408,-27.258402974493343,18896844491016600582346322557859421297231433694045921498429800279679933900227602240016813463105335482456080929/90663712642269610161188387923571293203453298399887305010172534006074853780825895142328058489915993594114605056,0.20842786976502478
118,1,-31153825183784099846651293453987780882371050948669300997/49039857307708443467467104868809893875799651909875269632,-0.6352756083343479,-1367902017488953055924839570429706858635370695864732555129/49039857307708443467467104868809893875799651909875269632,-27.89367858282769,680286401676597620964467612082939166700331612985653173933088201673882920459309916155942691044335060385529146445/3263893655121705965802781965248566555324318742395942980366211224218694736109732225123810105636975769388125782016,0.20842786976502478
119,1,-225069006664300681721904975540531539825582505285104886003/98079714615416886934934209737619787751599303819750539264,-2.294755929366486,-2960873041642206793571584116399945257096323897014569996261/98079714615416886934934209737619787751599303819750539264,-30.188434512194178,4081718410059585725786805672497635000201989677913919043523506207821863962181891171755478966324149527218139916669/19583361930730235794816691791491399331945912454375657882197267345312168416658393350742860633821854616328754692096,0.20842786976502478
120,1,73699159764426992714368129362634896622214329038832234539/1569275433846670190958947355801916604025588861116008628224,0.046963814111186775,-47300269506510881704430977733036489216918968023194287705637/1569275433846670190958947355801916604025588861116008628224,-30.14147069808299,195922483682860114837766672279886480009695504539868114089152864362037612515635565620717202015766582082816993411625/940001372675051318151201205991587167933403797810031578345468832574984083999602880835657310423449021583780225220608,0.20842786976502478
121,1,-2451703619225948952684262225071454796585012669199815861895/3138550867693340381917894711603833208051177722232017256448,-0.7811578408566034,-97052242632247712361546217691144433230422948715588391273169/3138550867693340381917894711603833208051177722232017256448,-30.922628538939595,1175534902097160689026600033679318880058173027239208684534099951632483692109585306315946060495737821607168688515785/5640008236050307908907207235949523007600422786860189470072812995449904503997617285013943862540694129502681351323648,0.20842786976502478
122,1,-29697499516662577631302065196703276558846065328297454509949/12554203470773361527671578846415332832204710888928069025792,-2.365542313042753,-417906470045653427077486935961281009480537860190651019602625/12554203470773361527671578846415332832204710888928069025792,-33.28817085198235,14106418825165928268319200404151826560698076326870504214399300253084250112771256320725784967095905170843258444019437/67680098832603694906886486831394276091205073442322273640873755945398854047971407420167326350488329554032176215883776,0.20842786976502478
123,1,-1298091590677544692405374669476131533517933682724175922721/6277101735386680763835789423207666416102355444464034512896,-0.20679792130174546,-420502653227008516462297685300233272547573727556099371448067/12554203470773361527671578846415332832204710888928069025792,-33.49496877328409,42319256475497784804957601212455479682094228980611512643197035364858965308518832045731037480265370223407959214776497/203040296497811084720659460494182828273615220326966820922621267836196562143914222260501979051464988662096528647651328,0.20842786976502478
124,1,-22157626831593421223333900019092057354782986132601998802623/25108406941546723055343157692830665664409421777856138051584,-0.8824784018825717,-863162933285610454147929270619558602449930441244800741698757/25108406941546723055343157692830665664409421777856138051584,-34.377447175166665,253915538852986708829745607274732878092565373883669075859174826313543260710705214307713194195807293678403554622391441/1218241778986866508323956762965096969641691321961800925535727607017179372863485333563011874308789931972579171885907968,0.20842786976502478
125,1,-361960154610763345666539349250063482514578951068574396433355/200867255532373784442745261542645325315275374222849104412672,-1.8019868576958091,-7267263620895646978849973514206532302114022481026980330023411/200867255532373784442745261542645325315275374222849104412672,-36.179434032862474,6093972932471681011913894574593589074221568973208057820620075178140168002608369630268699972871870188631329119471916799/29237802695684796199774962311162327271400591727083222212857462568412304948723648005512284983410958367341900125261791232,0.20842786976502478
126,1,-350299299985034564612908612627516393182547569631153825108467/200867255532373784442745261542645325315275374222849104412672,-1.7439343165047467,-3808781460440340771731441063417024347648285025329067077565939/100433627766186892221372630771322662657637687111424552206336,-37.92336834936722,4570479699353760758935420930945191805666176729906043365465027191996793915742559480317139353287804095842694243451845227/21928352021763597149831221733371745453550443795312416659643096926309228711542736004134213737558218775506425093946343424,0.20842786976502478
127,1,-6016598560421104969816315756740342954457979510434743228170193/3213876088517980551083924184682325205044405987565585670602752,-1.8720692381128945,-127897605294512009665222429786085122079203100320964889710280241/3213876088517980551083924184682325205044405987565585670602752,-39.795437587480116,877532102275922065715600818741476826687905932141960326169283215330530958120914814782305175716940233741960483161678226853/4210243588178610652767594572807375127081685208699983998651474609851371912616205312793769037611178004897233618037697937408,0.20842786976502478
128,1,-11604233866831233587667435936340607059642241128317685772685645/6427752177035961102167848369364650410088811975131171341205504,-1.805333116029111,-267399444455855252918112295508510851218048441770247465193246127/6427752177035961102167848369364650410088811975131171341205504,-41.60077070350923,5265192613655532394293604912448860960127435592851761957015695423905230138314292999548518940765954855038053459741478465903/25261461529071663916605567436844250762490111252199903991908847659108231475697231876762614225667068029383401708226187624448,0.20842786976502478
129,1,-43897145774043976901238821237788113800084077145893504338666969/25711008708143844408671393477458601640355247900524685364822016,-1.7073288050398332,-1113494923597464988573688003271831518672277844226883365111651477/25711008708143844408671393477458601640355247900524685364822016,-43.308099508549056,63182311363866388731523258949386331521529227114221143484188330454480836978445882248308481359820191565764259552396295368513/303137538348859966999266809242131009149881335026398847902906171909298777708366782521151370708004816352600820498714251493376,0.20842786976502478
130,1,-113707518332469992220869589665194471481322894065870529717797289/51422017416287688817342786954917203280710495801049370729644032,-2.2112613243457395,-2340697365527399969368245596208857508825878582519637259941100243/51422017416287688817342786954917203280710495801049370729644032,-45.5193608328948,379093868183198332389139553696317989129175362685326860905129944824378911047344553199987666427430655620287535357534532945315/1818825230093159801995600855452786054899288010158393087417437031455792666250200695126908224248028898115604922992285508960256,0.20842786976502478
131,1,-81369099000133383513818332099503165878501354817829357238026665/51422017416287688817342786954917203280710495801049370729644032,-1.5823785819488305,-605516616131883338220515982077090168676094984334366654294781727/12855504354071922204335696738729300820177623950262342682411008,-47.10173941484363,568640802274797498583709330544476983693763044027990291357694903675051866548786244163592816390618337013538833398075593080195/2728237845139739702993401283179179082348932015237589631126155547183688999375301042690362336372043347173407384488428263440384,0.20842786976502478
132,1,182969421365981768607151844441593921124249191332931094749565139/411376139330301510538742295639337626245683966408394965837152256,0.44477402521168646,-19193562294854285054449359582025291476510790307366801842683450125/411376139330301510538742295639337626245683966408394965837152256,-46.65696538963194,27294758509190279932018047866134895217300626113343533985169355437392296716335662588903070000614320551399594447417993384371073/130955416566707505743683261592600595952748736731404302294055466264817071970014450049137392145858080664323554455444556645138432,0.20842786976502478
133,1,-870348668996584924755354283690342338783180468508828878094993161/411376139330301510538742295639337626245683966408394965837152256,-2.1157004157155694,-10031955481925434989602356932857816907646985387937815360389221643/205688069665150755269371147819668813122841983204197482918576128,-48.772665805347515,639720902559147185906672996862536606655483424531489077777406765797348962110510517043680589362464964008895524786284016573819/3069267575782207165867576443576576467642548517142288335016924990581650124297213673026657628418548765570083307549481796370432,0.20842786976502478
134,1,-4441143788738165978799631306378290798930063418682049973818228753/3291009114642412084309938365114701009965471731267159726697218048,-1.3494778148679551,-164952431499545125812437342232103361321281829625687095740045775041/3291009114642412084309938365114701009965471731267159726697218048,-50.12214362021547,1965222612661700155105299446361712455645645080160734446932193583049074748690766315424976335062062103125305912582781174308695717/9428789992802940413545194834667242908597909044661109765171993571066829181841040403537892234501781807831295920792008078449967104,0.20842786976502478
135,1,5347363384258043671065122703708791633300952203547459132473128113/13164036458569648337239753460458804039861886925068638906788872192,0.4062100102113411,-654462362613922459578684246224704653651826366299200923827709972051/13164036458569648337239753460458804039861886925068638906788872192,-49.71593361000413,23582671351940401861263593356340549467747740961928813363186322998371351445708543675454756921981009115270655018842527135862057975/113145479913635284962542338016006914903174908535933317182063922852801950182092484842454706814021381693975551049504096941399605248,0.20842786976502478
136,1,-52585622761006490795868870052382100438844082845572443440857613977/26328072917139296674479506920917608079723773850137277813577744384,-1.9973213735204223,-1361510347988851409953237362501791407742496815443974291096277558079/26328072917139296674479506920917608079723773850137277813577744384,-51.71325498352455,141496028111642411167581560138043296806486445771572880179117937972699567753915765120772251514425354545342569164531015001553143191/678872879481811709775254028096041489419049451215599903092383537116811701092554909054728240884128290163853306297024581648397631488,0.20842786976502478
137,1,-179849012207578550843786313384868267304215153105255825921602700995/105312291668557186697918027683670432318895095400549111254310977536,-1.7077684794250432,-5625890404162984190656735763392033898274202414881152990306712933311/105312291668557186697918027683670432318895095400549111254310977536,-53.42102346294959,1697952337339708934010978721656519561677837349258874562149415255612445142311129664501338247044814832109372445605953571378103484627/8146474553781740517303048337152497873028593414587198837108602445401740413110658908656738890609539481966239675564294979780771577856,0.20842786976502478
138,1,138285149056177670273084789595573747815978504150079221033068374291/210624583337114373395836055367340864637790190801098222508621955072,0.6565480005477133,-11113495659269790711040386737188494048732426325612226759580357492331/210624583337114373395836055367340864637790190801098222508621955072,-52.764475462401876,10187714024038253604065872329939117370067024095553247372896491533720765903552170543765724412134080241928227508352414501946310365859/48878847322690443103818290022914987238171560487523193022651614672410442478663953451940433343657236891797438053385769878684629467136,0.20842786976502478
139,1,71509784710760356187673516184876117197158347972042299193636240017/842498333348457493583344221469363458551160763204392890034487820288,0.0848782506507154,-44382472852368402487973873432569100077732546954476864739127793729307/842498333348457493583344221469363458551160763204392890034487820288,-52.679597211751165,122252568288459043248790467959269408440804289146638968474757898404673027437529633310584584117670588275537782882886321456420269803647/586546167872285317245819480274979846858058725850278316271819376068925309743967441423285200123886842701569256640629238544215553605632,0.20842786976502478
140,1,-1377221634500592661456853748012934319739265437844497809539665738549/842498333348457493583344221469363458551160763204392890034487820288,-1.6346876664158023,-2859980905429312196839420448786377149841988274520085159291716216741/52656145834278593348959013841835216159447547700274555627155488768,-54.314284878166966,183378852432688564873185701938904112661206433719958452712136847606780004217211017855634067218503726693350130084688732549707127082379/879819251808427975868729220412469770287088088775417474407729064103387964615951162134927800185830264052353884960943857816323330408448,0.20842786976502478
141,1,5472948735097729781015245822647008800793284686972959052069264179685/6739986666787659948666753771754907668409286105635143120275902562304,0.8120118044248577,-360604607159854231414430571622009266378981214451597941337270411563163/6739986666787659948666753771754907668409286105635143120275902562304,-53.50227307374211,8802184916769051113912913693067397407737908818558005730182568685127264518671161433664106975095727884214404005627383482069965188014087/42231324086804542841699002579798548973780228261220038771570995076962622301565655782476534408919852674512986478125305175183519859605504,0.20842786976502478
142,1,-15167045482530422490541996211865744904191164073357261685164564303531/53919893334301279589334030174039261347274288845081144962207220498432,-0.28128849195778854,-2900003902761364273805986569187939875936040879686140792383327856808835/53919893334301279589334030174039261347274288845081144962207220498432,-53.7835615656999,211252438002457226733909928633617537785709811645392137524381648443049292766280364267108386736893513972844299080366084482450776324236911/1013551778083309028200776061915165175370725478269280930517703881847102935237575738779436825814076464188311675475007324204404476630532096,0.20842786976502478
143,1,-26803850926233475783705776094644523724320575509548266586530202133967/107839786668602559178668060348078522694548577690162289924414440996864,-0.24855252179423487,-5826811656448962023395678914470524275596402334881829851353185915751637/107839786668602559178668060348078522694548577690162289924414440996864,-54.03211408749413,1267514628014743360403459571801705226714258869872352825146289890658286821980706774444055751829329535662491020957026657472509147878043477/6081310668499854169204656371490991052224352869615685583106223291082617611425454432676620954884458785129870052850043945226426859783192576,0.20842786976502478
144,1,-98223333167547749617500733974761779375726583852947717716322489945539/431359146674410236714672241392314090778194310760649159697657763987456,-0.22770661970380496,-23405469958963395843200216391856858881761335923380267123129066152952087/431359146674410236714672241392314090778194310760649159697657763987456,-54.25982070719793,15210175536176920324841514861620462720571106438468233901755478687899409122657425444078796521707296174023433675956368907097537667039873211/72975728021998250030455876457891892626692234435388226997274679492991411337105453192119451458613505421558440634200527342717122317398310912,0.20842786976502478
145,1,-150951789586580026793599868074285845287076403441453036174467134699487/431359146674410236714672241392314090778194310760649159697657763987456,-0.34994456649488503,-11778210874274987934996908129965572363524206163410860079651766643825787/215679573337205118357336120696157045389097155380324579848828881993728,-54.60976527369282,11407631652132690243631136146215347040428329828851175426316609015924544262677270201390197924624799273363801333933656559236805378018679951/54731796016498687522841907343418919470019175826541170247956009619743558502829089894089588593960129066168830475650395507037841738048733184,0.20842786976502478
146,1,-488363986516134588869011738373540563827286862169503034423134923428243/1725436586697640946858688965569256363112777243042596638790631055949824,-0.28303792227498054,-94714050980716038068844276778098119472020936169456383671637268074034539/1725436586697640946858688965569256363112777243042596638790631055949824,-54.8928031959678,547566319302369131694294535018336657940559831784856420463197232764377961820513464288533210711410907274607854933194791675688517099922161567/2627126208791937001096411552484108134560920439673976171901888461747690808135796314916300252510086195176103862831218984337816403426339192832,0.20842786976502478
147,1,-253579297436522569801681565972317749514173204791504585015139452937675/1725436586697640946858688965569256363112777243042596638790631055949824,-0.1469652952716476,-47483815139076280319322979172035218610767554687123944128326203763486107/862718293348820473429344482784628181556388621521298319395315527974912,-55.03976849123945,410674739476776848770720901263752493455419873838642315347397924573283450233776978506185757893427682762810098352129027798050969896653876369/1970344656593952750822308664363081100920690329755482128926416346310768106101847236187225189382564646382077897123414238253362302569754394624,0.20842786976502478
148,1,-8197482948316691091304807384065853210922399146093370053482322582591347/27606985387162255149739023449108101809804435888681546220650096895197184,-0.2969350993364407,-1527679567398757661309640140889192848755484149134059582159920843014146771/27606985387162255149739023449108101809804435888681546220650096895197184,-55.33670359057589,78849549979541154963978413042640478743440615777019324546700401518070419712390863767623968413935653735175135242809057972769101726050016732399/378306174066038928157883263557711571376772543313052568753871938491667476371554669347947236361452412105358956247695533744645562093392843767808,0.20842786976502478
149,1,-70669899660521346272282433115925894496773245913172378953674818824496063/110427941548649020598956093796432407239217743554726184882600387580788736,-0.6399639318585661,-6181388169255551991510842996672697289518709842449410707593358190881083147/110427941548649020598956093796432407239217743554726184882600387580788736,-55.976667522434454,946194599754493859567740956511685744921287389324231894560404818216845012992057145037705530206416806180136790655960057949102902820993925956767/4539674088792467137894599162692538856521270519756630825046463261900009716458656032175366836337428945264307474972346404935746745120714125213696,0.20842786976502478
150,1,234287170529419130105427283224678523749571315047917249979826013188572555/220855883097298041197912187592864814478435487109452369765200775161577472,1.0608147143003837,-12128489167981684852916258710120716055287848369850904165206890368573593739/220855883097298041197912187592864814478435487109452369765200775161577472,-54.91585280813407,1892389199508987719135481913023371489842574778648463789120809636433690052016022126677536627682531748435665109042066232333455803400433761754929/9079348177584934275789198325385077713042541039513261650092926523800019432917312064350733672674857890528614949944692809871493490241428250427392,0.20842786976502478
151,1,-1226852197785066433398017357445201451321146119510456741041139941248511863/883423532389192164791648750371459257913741948437809479060803100646309888,-1.3887474725368498,-49740808869711805845063052197928065672472539598914073401868701415542886819/883423532389192164791648750371459257913741948437809479060803100646309888,-56.30460028067092,68126011182323557888877348868841373634332692031344696408349146911612841463626063965369174130565357128616793485132344527185495242035635007006823/326856534393057633928411139713862797669531477422477419403345354856800699585023234316626412216294884059030138198008941155373765648691417015386112,0.20842786976502478
152,1,-1610054063690760536899787113962505696522969586371555845274885345894085037/1766847064778384329583297500742918515827483896875618958121606201292619776,-0.9112583062715219,-101091671803114372227025891509818637041468048784199702649012288176979858675/1766847064778384329583297500742918515827483896875618958121606201292619776,-57.215858586942446,408756067093941347333264093213048241805996152188068178450094881469677048245071695895294865816796438117532195403137538372594356360585361410679259/1961139206358345803570466838283176786017188864534864516420072129140804197510139405899758473297769304354180829188053646932242593892148502092316672,0.20842786976502478
153,1,884861763917775133913663095860932264334559004615147837790333959173387491/883423532389192164791648750371459257913741948437809479060803100646309888,1.0016280203954873,-99321948275278821959198565318096772512798930774969406973431620258633083693/1766847064778384329583297500742918515827483896875618958121606201292619776,-56.21423056654696,408756067093941347333264093213048241805996152188068178450094881469677048441707643432578228908721570531072698588595094953738320313992907893654257/1961139206358345803570466838283176786017188864534864516420072129140804197510139405899758473297769304354180829188053646932242593892148502092316672,0.20842786976502478
154,1,-5912698779655781748103879884555036073776766673601234349060889253121561365/7067388259113537318333190002971674063309935587502475832486424805170479104,-0.8366172287239546,-403200491880771069584898141156942126124972489773478862242787370287653896137/7067388259113537318333190002971674063309935587502475832486424805170479104,-57.05084779527091,14715218415381888503997507355669736705015861478770454424203415732908373741930575570354222324679349910933605124597167860467501414950114933131032797/70601011428900448928536806178194364296618799123255122591122596649068951110365018612391305038719694956750509850769931289560733380117346075323400192,0.20842786976502478
155,1,-34561415686442478399967756063840853968857066549349281486763101587283941475/14134776518227074636666380005943348126619871175004951664972849610340958208,-2.4451335075496132,-840962399447984617569764038377725106218802046096307005972337842162591733749/14134776518227074636666380005943348126619871175004951664972849610340958208,-59.495981302820525,88291310492291331023985044134018420230095168872622726545220494397450242440062981526644507814753514110988012757963984979688581327446322403024882957/423606068573402693571220837069166185779712794739530735546735579894413706662190111674347830232318169740503059104619587737364400280704076451940401152,0.20842786976502478
156,1,-30471836217844928196376111549625891111392703658213884132166522958381787877/226156424291633194186662080095093570025917938800079226639565593765455331328,-0.13473787584539668,-13485870227385598809312600725593227590612225441199125979689571997559849527861/226156424291633194186662080095093570025917938800079226639565593765455331328,-59.63071917866592,4237982903629983889151282118432884171044568105885890874170583731077611637112865834539654732376043306810882648678473711138980609006701301025733785977/20333091291523329291418600179319976917426214147497475306243307834931857919785125360368695851151272147544146837021740211393491213473795669693139255296,0.20842786976502478
157,1,-445353974111096093052783828101498537891655935534760996427647853610760379959/452312848583266388373324160190187140051835877600158453279131187530910662656,-0.9846149086987759,-27417094428882293711677985279287953719116106817933012955806791848730459435681/452312848583266388373324160190187140051835877600158453279131187530910662656,-60.615334087364694,25427897421779903334907692710597305026267408635315345245023502386465669822528743682534229696571998564831463046106956954988963321897658521617482589209/121998547749139975748511601075919861504557284884984851837459847009591147518710752162212175106907632885264881022130441268360947280842774018158835531776,0.20842786976502478
158,1,-4562378331789083965262931054888370983251328016493586900625390620612779565837/1809251394333065553493296640760748560207343510400633813116524750123642650624,-2.521693970268233,-114230756047318258811974872172040185859715755288225638723852558015534617308561/1809251394333065553493296640760748560207343510400633813116524750123642650624,-63.13702805763293,305134769061358840018892312527167660315208903623784142940282028637588037868824131413147728370443005759681432892199707454369697562563438719205531215229/1463982572989679708982139212911038338054687418619818222049518164115093770224529025946546101282891594623178572265565295220331367370113288217906026381312,0.20842786976502478
159,1,-5321525464103595284775834185921673906330681148601538353754596735673898293825/7237005577332262213973186563042994240829374041602535252466099000494570602496,-0.7353214540516134,-462244549653376630532675322874082417345193702301504093249164828797812367528069/7237005577332262213973186563042994240829374041602535252466099000494570602496,-63.87234951168454,3661617228736306080226707750326011923782506843485409715283384343651056454424115735136404875350390791054203303404286262402902524632843065718575075151473/17567790875876156507785670554932460056656249023437818664594217969381125242694348311358553215394699135478142867186783542643976408441359458614872316575744,0.20842786976502478
160,1,-5524858442115309279178301486337767050366106763298562116114342623606784574757/7237005577332262213973186563042994240829374041602535252466099000494570602496,-0.763417739986309,-233884704047745969905926812180210092197779904532401327682639585710709576051413/3618502788666131106986593281521497120414687020801267626233049500247285301248,-64.63576725167086,2746212921552229560170030812744508942836880132614057286462538257738292340817626396482127380739528234833457663632350854571902013298289437403630740982375/13175843156907117380839252916199345042492186767578363998445663477035843932020761233518914911546024351608607150390087656982982306331019593961154237431808,0.20842786976502478
161,1,-16611830826388077969251527714827004875613938847415065464538786458513127834161/28948022309329048855892746252171976963317496166410141009864396001978282409984,-0.5738502841016051,-1887689463208355837216666025156507742457853175106625686925655472144189736245465/28948022309329048855892746252171976963317496166410141009864396001978282409984,-65.20961753577245,131818220234507018888161479011736429256170246365474749750201836371438032359240529754199984916174271429434358852727636373168824949829713399888104524542613/632440471531541634280284139977568562039624964843761471925391846897720508736996539208907915754209168877213143218724207535183150703888940510135403396726784,0.20842786976502478
162,1,-15372238183946590295510461611033996709644546612717440009204454052096860324057/28948022309329048855892746252171976963317496166410141009864396001978282409984,-0.5310289601024867,-951530850696151213756088243383770869583748860859671563467429963098143298284761/14474011154664524427946373126085988481658748083205070504932198000989141204992,-65.74064649587494,98863665175880264166121109258802321942127684774106062312651377278578524269429116295801326471272744366941516306486590234325558925704851345411736988379955/474330353648656225710213104983176421529718723632821103944043885173290381552747404406680936815656876657909857414043155651387363027916705382601552547545088,0.20842786976502478
163,1,-277651574470863667144471010429089350412598305249424924399894875300060375580433/463168356949264781694283940034751631413079938662562256157830336031652518559744,-0.5994614491794341,-30726638796747702507339294798709757177092561852758914955357653694440645920692785/463168356949264781694283940034751631413079938662562256157830336031652518559744,-66.34010794505438,18981823713769010719895252977690045812888515476628363964029064437487076659730297778269031061261985428115961434395287792222090838760531493360620148310424549/91071427900541995336360916156769872933705994937501651957256425953271753258127501646082739868606120318318692623496285885066373701360007433459498089128656896,0.20842786976502478
164,1,-466198139578746112139679434450144670951111792857668851080937052912745200950429/926336713898529563388567880069503262826159877325124512315660672063305037119488,-0.5032707141841872,-61919475733074151126818269031869659025136235498375498761796244441794037042335999/926336713898529563388567880069503262826159877325124512315660672063305037119488,-66.84337865923857,113890942282614064319371517866140274877331092859770183784174386624922459958381631270234326785534532675550951891481409716068259142946161981146083308128897151/546428567403251972018165496940619237602235969625009911743538555719630519548765009876496439211636721909912155740977715310398242208160044600756988534771941376,0.20842786976502478
165,1,-1358032348423286726199169082132660757287357162920629954473597757735843700232409/3705346855594118253554271520278013051304639509300498049262642688253220148477952,-0.36650613325794534,-249035935280719891233472245209611296857832299156422625001658575524911991869576405/3705346855594118253554271520278013051304639509300498049262642688253220148477952,-67.20988479249651,1366691307391368771832458214393683298527973114317242205410092639499069519500579122565362446997505659050250711810857820807098136172035785907833754416313355009/6557142808839023664217985963287430851226831635500118940922462668635566234585180118517957270539640662918945868891732583724778906497920535209083862417263296512,0.20842786976502478
166,1,-12156277801501098023118194152676424109383899054085954627714194496715729166120487/14821387422376473014217086081112052205218558037201992197050570753012880593911808,-0.8201848757524719,-1008300018924380662957007174991121611540713095679776454634348496596363696644426107/14821387422376473014217086081112052205218558037201992197050570753012880593911808,-68.03006966824898,16400295688696425261989498572724199582335677371806906464921111673988834234006945418691748863604060202538290982922257388385492938746220192829172814419371553279/78685713706068283970615831559449170214721979626001427291069552023626794815022161422215487246475687955027350426700791004697346877975046422509006349007159558144,0.20842786976502478
167,1,-7280443159853290537469517718669969882429175394047593456694965380149046794535117/29642774844752946028434172162224104410437116074403984394101141506025761187823616,-0.24560599329795868,-2023880481008614616451483867700913192963855366753600502725391958572876440083387331/29642774844752946028434172162224104410437116074403984394101141506025761187823616,-68.27567566154694,98401774132178551571936991436345197494014064230841438789526670043933005404041670085336106563860848725390506340876916853921159616612835591986576836833964474635/472114282236409703823694989356695021288331877756008563746417312141760768890132968533292923478854127730164102560204746028184081267850278535054038094042957348864,0.20842786976502478
168,1,109497338829722759622519314074957753498851045566218645618663184719122126362748213/59285549689505892056868344324448208820874232148807968788202283012051522375647232,1.8469481923198703,-3938263623187506473280448421326868632428859687940982359832120732426630753804026449/59285549689505892056868344324448208820874232148807968788202283012051522375647232,-66.42872746922707,590410644793071309431621948618071184964084385385048632737160020263598032424250057011129582624084966525447729697846000740542146439225553106314367395045907763881/2832685693418458222942169936140170127729991266536051382478503872850564613340797811199757540873124766380984615361228476169104487607101671210324228564257744093184,0.20842786976502478
169,1,-10877714797608066072844467308919741002578995852287441158921577479491221641854681/14821387422376473014217086081112052205218558037201992197050570753012880593911808,-0.7339201444249087,-3981774482377938737571826290562547596439175671350132124467807042344595640371445173/59285549689505892056868344324448208820874232148807968788202283012051522375647232,-67.16264761365198,1771231934379213928294865845854213554892253156155145898211480060790794097272750156529769017728166802450386777200549998782965302934421780756839796196842200818735/8498057080255374668826509808420510383189973799608154147435511618551693840022393433599272622619374299142953846083685428507313462821305013630972685692773232279552,0.20842786976502478
170,1,20804976536025525781111571491686386725893562640383130965273515866465802207519747/474284397516047136454946754595585670566993857190463750305618264096412179005177856,0.04386603616940952,-31833390882487484374793498753008694384787511808160673864777182822890299320764041637/474284397516047136454946754595585670566993857190463750305618264096412179005177856,-67.11878157748257,42509566425101134279076780300501125317414075747723501557075521458979058334546003763649448604151178519179806483375328879422354817220499726588660397546146888822889/203953369926128992051836235402092249196559371190595699538452278845240652160537442406382542942864983179430892306008450284175523107711320327143344456626557574709248,0.20842786976502478
171,1,5447378399250181398975290031103567760016699244959881862681689249963174574177322257/3794275180128377091639574036764685364535950857523710002444946112771297432041422848,1.435683533914341,-249219748660649693599372699992965987318283395220325509055535773333159219991935010839/3794275180128377091639574036764685364535950857523710002444946112771297432041422848,-65.68309804356822,1020229594202427222697842727212027007617937817945364037369812515015497400029104092143379566249688750785412032635530479778369597266585947665357599528832383390856755/4894880878227095809244069649650213980717424908574296788922854692285775651852898617753181030628759596306341415344202806820212554585071687851440266959037381793021952,0.20842786976502478
172,1,5445440407775202819619497176753801399781169291678126530540923372753213846971761375/7588550360256754183279148073529370729071901715047420004889892225542594864082845696,0.7175863833354016,-492994056913524184379125902809178173236785621148972891580530623293565226136898260303/7588550360256754183279148073529370729071901715047420004889892225542594864082845696,-64.96551166023282,6121377565214563336187056363272162045707626907672184224218875090092984400174624554675424200089866777918971254731116678597274014158891196172453388090732249335727655/29369285269362574855464417897901283884304549451445780733537128153714653911117391706519086183772557577838048492065216840921275327510430127108641601754224290758131712,0.20842786976502478
173,1,-29757250708832951866067229736025840187649205797124137600705774248106271068638675831/30354201441027016733116592294117482916287606860189680019559568902170379456331382784,-0.980333835058918,-2001733478362929689382570840972738533134791690393015703922828267422367175616231717043/30354201441027016733116592294117482916287606860189680019559568902170379456331382784,-65.94584549529175,73456530782574760034244676359265944548491522892066210690626501081115812802095494646186006831467417379671911811431453413950886237531981820500849241053363302482506583/352431423232350898265573014774815406611654593417349368802445537844575846933408700478229034205270690934056581904782602091055303930125161525303699221050691489097580544,0.20842786976502478
174,1,79390838976249624726263385988523673638929685328502243007137604926120741984168425153/60708402882054033466233184588234965832575213720379360039119137804340758912662765568,1.3077405302605694,-3924076117749609754038878295956953392630653695457529164838518929918613609248295008933/60708402882054033466233184588234965832575213720379360039119137804340758912662765568,-64.63810496503118,440739184695448560205468058155595667290949137352397264143759006486694876812572967903579653980887712520119266198096611696681879201359305258717630421693760476284514549/2114588539394105389593438088648892439669927560504096212814673227067455081600452202869374205231624145604339491428695612546331823580750969151822195326304148934585483264,0.20842786976502478
175,1,23436968362686217583023272127233140898172224897826671217166975433132811317245272983/30354201441027016733116592294117482916287606860189680019559568902170379456331382784,0.7721161239645922,-3877202181024237318872831751702487110834309245661875822404184979052347986613804462967/60708402882054033466233184588234965832575213720379360039119137804340758912662765568,-63.86598884106658,1322217554086345680616404174466787001872847412057191792431277019460084630437718903726363607517787282615706646679111929022160454202629029920930874887169822307017058969/6343765618182316168780314265946677319009782681512288638444019681202365244801356608608122615694872436813018474286086837638995470742252907455466585978912446803756449792,0.20842786976502478
176,1,-233595944912140881800318972556681112625115676531305834996476952620710589399362660563/242833611528216133864932738352939863330300854881517440156476551217363035650651062272,-0.9619588632811571,-15742404669009090157291645979366629555962352659178809124613216868830102535854580512431/242833611528216133864932738352939863330300854881517440156476551217363035650651062272,-64.82794770434774,15866610649036148167396850093601444022474168944686301509175324233521015565252626844638497975242733764121706769297116110724220224921113080719011514439134337884417154107/76125187418187794025363771191360127828117392178147463661328236174428382937616279303297471388338469241756221691433042051667945648907034889465599031746949361645077397504,0.20842786976502478
177,1,2828157893180453338155752520411514760773789719177142014774379703977615457792811036537/1942668892225729070919461906823518906642406839052139521251812409738904285205208498176,1.4558105627254954,-123111079458892267920177415314521521686925031554253330982131355246663204829043833062911/1942668892225729070919461906823518906642406839052139521251812409738904285205208498176,-63.37213714162225,380798655576867556017524402246434656539380054672471236220207781604504373566063044272266670703552428118306213303267958244305881971165761275514402914531762595156948710747/1827004498036507056608730508592643067874817412275539127871877668186281190502790703279139313320123261802149320594393009240030695573768837347174376761926784679481857540096,0.20842786976502478
178,1,2609270355902412414582574625679747635939784531317472869605685061015334606351687139691/7770675568902916283677847627294075626569627356208558085007249638955617140820833992704,0.3357842355874852,-489835047479666659266127086632406339111760341685695851058919735925637484709823645111953/7770675568902916283677847627294075626569627356208558085007249638955617140820833992704,-63.03635290603476,4569583866922410672210292826957215878472560656069654834642493379254052482792756531268069805227929941557868751181108748143650511831094959596041396661386262677333946908861/21924053976438084679304766103111716814497808947306469534462532018235374286033488439349671759841479141625791847132716110880368346885226048166092521143121416153782290481152,0.20842786976502478
179,1,5691276631400390504003712050135610607856387293411340622074881805373118856298455340921/15541351137805832567355695254588151253139254712417116170014499277911234281641667985408,0.366202177721589,-973978818327932928028250461214677067615664296077980361495764590045901850563348834882985/15541351137805832567355695254588151253139254712417116170014499277911234281641667985408,-62.67015072831317,27417503201534464033261756961743295270835363936417929007854960275524314896756539187610315923578046446181880411103364359064521866751040204450273340570108615682769833233473/131544323858628508075828596618670300886986853683838817206775192109412245716200930636098030559048874849754751082796296665282210081311356288996555126858728496922693742886912,0.20842786976502478
180,1,24665639990373735124781705999277634099618555239023477552265787930743284000882519927787/62165404551223330269422781018352605012557018849668464680057997111644937126566671941632,0.3967743822860451,-3871249633321357976988220138859430636363038629072897968430792572252864118252512819604153/62165404551223330269422781018352605012557018849668464680057997111644937126566671941632,-62.27337634602713,109670012806137856133047027846973181083341455745671716031419841102097259587026156750444004320977782866408052945080043840046933973141830093084678449828294827620066279592535/526177295434514032303314386474681203547947414735355268827100768437648982864803722544392122236195499399019004331185186661128840325245425155986220507434913987690774971547648,0.20842786976502478
181,1,29772014094278028864127128447336161191147926419412135859316311222801549178421453276687/124330809102446660538845562036705210025114037699336929360115994223289874253133343883264,0.23945805797617187,-7712727252548437925112313149271525111534929331726383801002268833282926687326604185931619/124330809102446660538845562036705210025114037699336929360115994223289874253133343883264,-62.033918288050955,1974060230510481410394846501245517259500146203422090888565557139837750672566470821508002001782298184271632995387589901174575194158692745720810650867316907413554000183757859/9471191317821252581459658956544261663863053465236394838887813831877681691566467005799058200251518989182342077961333359900319125854417652807751969133828451778433949487857664,0.20842786976502478
182,1,136086853001648549147308187542495837516438025291759721588378943725265782508872557775663/497323236409786642155382248146820840100456150797347717440463976893159497012533375533056,0.27363863788885,-30714822157192103151301944409543604608623279301613775482420696389406440966797544185950813/497323236409786642155382248146820840100456150797347717440463976893159497012533375533056,-61.760279650162104,23688722766125776924738158014946207114001754441065090662786685678053008070797649858096069383671912094109311714046926312707407809246076868556923936722377977556817626391019529/113654295813855030977515907478531139966356641582836738066653765982532180298797604069588698403018227870188104935536000318803829510253011833693023629605941421341207393854291968,0.20842786976502478
183,1,69219501116047558487988636302669389415011864228988223036767295657343141912763996599497/62165404551223330269422781018352605012557018849668464680057997111644937126566671941632,1.1134730259659416,-30161066148263722683398035319122249493303184387781869698126558024147695831495432213154837/497323236409786642155382248146820840100456150797347717440463976893159497012533375533056,-60.64680662419616,23688722766125776924738158014946207114001754441065090662786685678053008070797649858096130912117348580827967703945862018831332264236502635866289952096295615905184527721330193/113654295813855030977515907478531139966356641582836738066653765982532180298797604069588698403018227870188104935536000318803829510253011833693023629605941421341207393854291968,0.20842786976502478
184,1,-5494291889063723597598489516468414220324132898237970131036717712685555191756069450695685/3978585891278293137243057985174566720803649206378781739523711815145275976100267004264448,-1.3809660113429005,-246782821075173505064782772069446410166749608000492927716049181905867121843719527155934381/3978585891278293137243057985174566720803649206378781739523711815145275976100267004264448,-62.027772635539066,1705588039161055938581147377076126912208126319756686527720641368819816581097430789782919594241819409911747808520929909217782481647395443792329197645029055826776033972785542001/8183109298597562230381145338454242077577678193964245140799071150742316981513427493010386285017312406653543555358592022953875724738216852025897701331627782336566932357509021696,0.20842786976502478
185,1,-11459748041281121654028164292932763223171860338491964383184471678651760183161635250910951/15914343565113172548972231940698266883214596825515126958094847260581103904401068017057792,-0.7200892700596682,-998591032341975141913159252570718403890170292340463675247381199302120247558039743874648475/15914343565113172548972231940698266883214596825515126958094847260581103904401068017057792,-62.74786190559873,20467056469932671262973768524913522946497515837080238332647696425837798973169169477395031310985819158567089026196394599692315389148632494853155976916455786001251353795009533695/98197311583170746764573744061450904930932138327570941689588853808907803778161129916124635420207748879842522664303104275446508696858602224310772415979533388038803188290108260352,0.20842786976502478
186,1,31845692773307564441646695171654002903102842344537447515958100975713410665797346242683179/31828687130226345097944463881396533766429193651030253916189694521162207808802136034115584,1.0005342866644684,-1965336371910642719384671809969782804877237742336389902978804297628527084450282141506613771/31828687130226345097944463881396533766429193651030253916189694521162207808802136034115584,-61.747327618934264,40934112939865342525947537049827045892995031674160476665295392851675597946338338954790066160381946462419116013136697160940508900835303271644924838066353317937021129517379365521/196394623166341493529147488122901809861864276655141883379177707617815607556322259832249270840415497759685045328606208550893017393717204448621544831959066776077606376580216520704,0.20842786976502478
187,1,-187236855044159237878125595036806369111552248254388540609431602841560192929558454612460455/127314748520905380391777855525586135065716774604121015664758778084648831235208544136462336,-1.4706611544962878,-8048582342686730115416812834915937588620503217599948152524648793355668530730687020638915539/127314748520905380391777855525586135065716774604121015664758778084648831235208544136462336,-63.21798877343055,1473628065835152330934111333793773652147821140269777159950634142660321526068180202372442319361465057927342217097722752191735283245988166316370424359854438925668450809807453005271/7070206433988293767049309572424465155027113959585107801650397474241361872027601353960973750254957919348661631829823507832148626173819360150375613950526403938793829556887794745344,0.20842786976502478
188,1,-235266596707055202168937567874663757269497891409401102904952149077527792533303898072011709/254629497041810760783555711051172270131433549208242031329517556169297662470417088272924672,-0.9239565699979523,-16332431282080515433002563237706538934510504326609297407954249735788864853994677939349842787/254629497041810760783555711051172270131433549208242031329517556169297662470417088272924672,-64.1419453434285,8841768395010913985604668002762641912886926841618662959703804855961929156409081214234653837746591445212319246273813888262492609643298528097854911175076941044746527090878694027723/42421238603929762602295857434546790930162683757510646809902384845448171232165608123765842501529747516091969790978941046992891757042916160902253683703158423632762977341326768472064,0.20842786976502478
189,1,118298144208403808828741772341201284954784636315251791563622673715934328268092912706187027/127314748520905380391777855525586135065716774604121015664758778084648831235208544136462336,0.9291786347045172,-16095834993663707815345079693024136364600935053978793824827004388356996197458492113937468733/254629497041810760783555711051172270131433549208242031329517556169297662470417088272924672,-63.21276670872398,8841768395010913985604668002762641912886926841618662959703804855961929156409081214234653864035067935968721208216429964085000377373217709264919703091226655696819475555970406513729/42421238603929762602295857434546790930162683757510646809902384845448171232165608123765842501529747516091969790978941046992891757042916160902253683703158423632762977341326768472064,0.20842786976502478
190,1,-850887879961013815873332483958744266190332363052112323916310891728864740755928770640795173/1018517988167243043134222844204689080525734196832968125318070224677190649881668353091698688,-0.8354176262435299,-65234227854615845077253651256055289724594072578967287623224328445156849530589897226390670105/1018517988167243043134222844204689080525734196832968125318070224677190649881668353091698688,-64.04818433496752,318303662220392903481768048099455108863929366298271866549336974814629449630726923712447538821633152374536024871347317387478591521991716516166334672513862362130587534705344420895853/1527164589741471453682650867643684473485856615270383285156485854436134164357961892455570330055070910579310912475241877691744103253544981792481132613313703250779467184287763664994304,0.20842786976502478
191,1,-5000870047618504315587422707363789217197767003734143054427212830333468172482592532427584211/2037035976334486086268445688409378161051468393665936250636140449354381299763336706183397376,-2.454973847156713,-135469325756850194470094725219474368666385912161668718300875869720647167233662386985208924421/2037035976334486086268445688409378161051468393665936250636140449354381299763336706183397376,-66.50315818212422,1909821973322357420890608288596730653183576197789631199296021848887776697784361542274685231262842231707714710698943001870275143399361297852283656559345564061627467714034555716180381/9162987538448828722095905205862106840915139691622299710938915126616804986147771354733421980330425463475865474851451266150464619521269890754886795679882219504676803105726581989965824,0.20842786976502478
192,1,-2018839096121150701521070031638027695892953432572112090442119582953689709772681858089788149/32592575621351777380295131014550050576823494298654980010178247189670100796213387298934358016,-0.06194168633909944,-2169528051205724262223036673543227926358067548019271604904456035113308365448370873621432578885/32592575621351777380295131014550050576823494298654980010178247189670100796213387298934358016,-66.56509986846332,91671454719473156202749197852643071352811657493902297566209048746613281493649354029184891099943480756596589213042240745893864317871691152718911484701213880640221880349431388346728905/439823401845543778660603449881381128363926705197870386125067926077606639335093025027204255055860422246841542792869660775222301737020954756234566192634346536224486549074875935518359552,0.20842786976502478
193,1,-55132024599537200028833010597009374348459911880653167394622424829939189884783898557412193511/65185151242703554760590262029100101153646988597309960020356494379340201592426774597868716032,-0.8457758177819424,-4394188127010985724474906357683465227064595007919196377203534495056555920781525645800277351281/65185151242703554760590262029100101153646988597309960020356494379340201592426774597868716032,-67.41087568624528,550028728316838937216495187115858428116869944963413785397254292479679688961896124175109346581283543006400468601975774276360061124410176289429079776666475007194934653835288810942975593/2638940411073262671963620699288286770183560231187222316750407556465639836010558150163225530335162533481049256757217964651333810422125728537407397155806079217346919294449255613110157312,0.20842786976502478
194,1,-635265345166083621277935306280045008416453021771270710456183490384129670353004119337626594205/260740604970814219042361048116400404614587954389239840081425977517360806369707098391474864128,-2.4363882458475983,-18212017853210026519177560737013905916674833053448056219270321470610353353479106702538735999329/260740604970814219042361048116400404614587954389239840081425977517360806369707098391474864128,-69.84726393209287,6600344739802067246597942245390301137402439339560965424767051509756156267542753490101312158763647401021444416131064189222972397354104441549392053834603203291629325728355425952106842381/31667284932879152063563448391459441242202722774246667801004890677587678032126697801958706364021950401772591081086615575816005725065508742448888765869672950608163031533391067357321887744,0.20842786976502478
195,1,-480680787603600375005563467565356830772585670189761596999193519179556997090215741873850119441/1042962419883256876169444192465601618458351817556959360325703910069443225478828393565899456512,-0.460880256507617,-73328752200443706451715806415620980497471917883981986474080479401620970411006642552028794116757/1042962419883256876169444192465601618458351817556959360325703910069443225478828393565899456512,-70.30814418860048,79204136877624806959175306944683613648829272074731585097204618117073875210513041881215745905003541883056132868570915781487216491325058075196117447015507266439699576376859864133998735425/380007419194549824762761380697513294906432673290960013612058688131052136385520373623504476368263404821271092973039386909792068700786104909386665190436075407297956378400692808287862652928,0.20842786976502478
196,1,-533881356345093856219760446073761461865331517410820490891789506401879553014754916263188140341/1042962419883256876169444192465601618458351817556959360325703910069443225478828393565899456512,-0.5118893511089819,-36931316778394400153967783430847370979668624700696403482486134454011424982010698734145991128549/521481209941628438084722096232800809229175908778479680162851955034721612739414196782949728256,-70.82003353970947,59403102658218605219381480208512710236621954056048688822903463587805406407884781410911809428708166299263341830076540132275932246671682596612853044353981324296284719531415321745233373207/285005564395912368572071035523134971179824504968220010209044016098289102289140280217628357276197553615953319729779540182344051525589578682039998892827056555473467283800519606215896989696,0.20842786976502478
197,1,-1506649005239671148815290497527459717938422487570418769465417304550083820803148504507071967233/4171849679533027504677776769862406473833407270227837441302815640277772901915313574263597826048,-0.36114652275973586,-296957183232394872380557557944306427555287420093141646629354492936641483676888738377675000995625/4171849679533027504677776769862406473833407270227837441302815640277772901915313574263597826048,-71.18118006246921,2851348927594493050530311050008610091357853794690337063499366252214659507578469507723766852577489766029560517460735496183402261267594623808226806539169297798038305263906885942268844591525/13680267091003793691459409705110478616631576238474560490034112772717876909878733450446161149257482573565759347029417928752514473228299776737919946855698714662726429622424941098363055505408,0.20842786976502478
198,1,-1131583424121726719153574288831302583726044663159267799237334303293697745468781229939424429865/4171849679533027504677776769862406473833407270227837441302815640277772901915313574263597826048,-0.27124261683570283,-149044383328258299549855566116568865069506732378150457214295913619967590711178759803807212712745/2085924839766513752338888384931203236916703635113918720651407820138886450957656787131798913024,-71.4524226793049,2138511695695869787897733287506457568518390346017752797624524689160994630683852130792825139433023025903493577535622157613482420735385464134240165921107195489920920802474432687540014741155/10260200318252845268594557278832858962473682178855920367525584579538407682409050087834620861943111930174319510272063446564385854921224832553439960141774035997044822216818705823772291629056,0.20842786976502478
199,1,-23039491203744054487121380760719226603849951011498499732398337112892558488655206443117754966753/66749594872528440074844428317798503581334516323645399060845050244444366430645017188217565216768,-0.3451630118166638,-4792459757708009640082499496490922908828065387112313130589867572951855461246375520164948561774593/66749594872528440074844428317798503581334516323645399060845050244444366430645017188217565216768,-71.79758569112157,410594245573606999276364791201239853155530946435408537143908740318910969091299609112222426771132741143069518868677080468201718372326059130103612356941782088360519274578872673859976911979509/1969958461104546291570154997535908920794946978340336710564912239271374275022537616864247205493077490593469345972236181740362084144875167850260472347220614911432605865629191518164279992778752,0.20842786976502478
200,1,-38055189876800504001896900273707341790347949215716807418647639119895617206375333778990242777645/133499189745056880149688856635597007162669032647290798121690100488888732861290034376435130433536,-0.2850593321912621,-9622974705292819784166895893255553159446478723440343068598382785023606539699126374108887366326831/133499189745056880149688856635597007162669032647290798121690100488888732861290034376435130433536,-72.08264502331284,2463565473441641995658188747207439118933185678612451222863452441913465814547797654673334560626783761795124846377395183842452407786692905464216435205844476650456483775071110931900198057617839/11819750766627277749420929985215453524769681870042020263389473435628245650135225701185483232958464943560816075833417090442172504869251007101562834083323689468595635193775149108985679956672512,0.20842786976502478
201,1,-72702761986680758234627935851208329907772128308527548719750407052045023765342523868877402396457/533996758980227520598755426542388028650676130589163192486760401955554931445160137505740521734144,-0.13614832068554325,-38564601583157959894902211508873420967693687022069899823113281547146471182561848020304426867703781/533996758980227520598755426542388028650676130589163192486760401955554931445160137505740521734144,-72.21879334399837,29562785681299703947898264966489269427198228143349414674361429302961589774573571856080014727521380907287502596275997330130811823997012274861161046620560469669793790292931550341512750890615249/141837009199527332993051159822585442297236182440504243160673681227538947801622708414225798795501579322729792910001005085306070058431012085218754008999884273623147622325301789307828159480070144,0.20842786976502478
202,1,-1213144230848180874933917349832482567250233677761500269105092099074268701641831026917309668188119/2135987035920910082395021706169552114602704522356652769947041607822219725780640550022962086936576,-0.5679548660393182,-155471550563480020454542763385326166438024981766041099561558218287660153431889223108135017139003243/2135987035920910082395021706169552114602704522356652769947041607822219725780640550022962086936576,-72.7867482100377,354753428175596447374779179597871233126378737720192976092337151635539077294882862272960176730256166506039748428353656655786464393775063887108012059357023938671167393947964660422513907464653615/1702044110394327995916613917871025307566834189286050917928084174730467373619472500970709585546018951872757514920012061023672840701172145022625048107998611283477771467903621471693937913760841728,0.20842786976502478
203,1,-352147692944961784274419551963845706923192663484175766668163019502534511465816399453008232478045/4271974071841820164790043412339104229205409044713305539894083215644439451561281100045924173873152,-0.08243207637099181,-311295248819905002693359946322616178582973156195566374889784599594822841375244262615723042510484531/4271974071841820164790043412339104229205409044713305539894083215644439451561281100045924173873152,-72.86918028640869,2128520569053578684248675077587227398758272426321157856554022909813234463769297173637761060381536881653674175582860515128201465080748075591760244297553254244353836852183966023735265775377095675/10212264662365967975499683507226151845401005135716305507568505048382804241716835005824257513276113711236545089520072366142037044207032870135750288647991667700866628807421728830163627482565050368,0.20842786976502478
204,1,17075738336485958459751805834176311044263458237558537667341288661243818331108143057916134866804293/8543948143683640329580086824678208458410818089426611079788166431288878903122562200091848347746304,1.998577010220935,-605514759303324046926968086811056046121682854153574212112227910528401864419380382173529950154164769/8543948143683640329580086824678208458410818089426611079788166431288878903122562200091848347746304,-70.87060327618775,12771123414321472105492050465523364392549634557926947139324137458879406782615783041826566362289226981834823882149983008037820182588169874703307318631208639229010102385880832190097566697218175481/61273587974195807852998101043356911072406030814297833045411030290296825450301010034945545079656682267419270537120434196852222265242197220814501731887950006205199772844530372980981764895390302208,0.20842786976502478
205,0,-11915995533294847865578203966142212728734104156297815120425296045477707550443589258358514139890899/17087896287367280659160173649356416916821636178853222159576332862577757806245124400183696695492608,-0.6973354316355542,-1222945514139942941719514377588254304972099812463446239344881117102281436389204353605418414448220437/17087896287367280659160173649356416916821636178853222159576332862577757806245124400183696695492608,-71.5679387078233,229880221457786497898856908379420559065893422042685048507834474259829322087084094752878194521206073757031296583851828566476797144374329010555375437546635080826136365238304535832497842035787267759/1102924583535524541353965818780424399303308554657360994817398545225342858105418180629019811433820280813546869668167815543340000774359549974661031173983100111693595911201546713657671768117025439744,0.20842786976502478
