k,ratio4,ratio3,alpha_rational,beta_rational,colour_diagonal,window_U,integer_trial_a,integer_trial_b
0,1,1,0,0,0,0,0,0
1,4/3,3,0,-2,2,0,0,-2
2,16/9,9/4,0,-3,3,0,0,-3
3,64/27,27/16,1/108,-3,3,1/216,0,-3
4,256/243,81/64,139/17496,-305/64,305/64,139/34992,124,-44
5,1024/729,243/64,0,-993/256,993/256,0,-192,42
6,4096/2187,729/256,0,-4071/1024,4071/1024,0,-464,78
7,16384/6561,2187/1024,139/52488,-11299/2048,11299/2048,139/104976,-6384,847
8,65536/59049,6561/4096,139/52488,-8703/4096,8703/4096,139/104976,-31216,3120
9,262144/177147,19683/16384,139/17496,-6183/4096,6183/4096,139/34992,17600,-1323
10,1048576/531441,59049/16384,139/17496,-1234577/262144,1234577/262144,139/34992,-86348,4858
11,4194304/1594323,177147/65536,0,-2287683/1048576,2287683/1048576,0,1734304,-73251
12,16777216/14348907,531441/262144,139/26244,-4947237/4194304,4947237/4194304,139/52488,3546672,-112347
13,67108864/43046721,1594323/1048576,47089/6377292,-11176299/8388608,11176299/8388608,47089/12754584,-21172976,503010
14,268435456/129140163,4782969/4194304,87025/12754584,-296530671/67108864,296530671/67108864,87025/25509168,-93115376,1659120
15,1073741824/387420489,14348907/4194304,625/52488,-219531303/268435456,219531303/268435456,625/104976,4164056,-55647
16,4294967296/3486784401,43046721/16777216,139/17496,-1048495185/1073741824,1048495185/1073741824,139/34992,644946876,-6464043
17,17179869184/10460353203,129140163/67108864,1299856640/847288609443,-16042813491/4294967296,16042813491/4294967296,649928320/847288609443,5631904960,-42334734
18,68719476736/31381059609,387420489/268435456,1299856640/282429536481,-14825497149/17179869184,14825497149/17179869184,649928320/282429536481,33742717232,-190231659
19,274877906944/94143178827,1162261467/1073741824,5602197223/847288609443,-103020806691/68719476736,103020806691/68719476736,5602197223/1694577218886,-33342107660,140979852
20,1099511627776/847288609443,3486784401/1073741824,52178765849/6778308875544,-333212393331/274877906944,333212393331/274877906944,52178765849/13556617751088,-284717581068,902899791
21,4398046511104/2541865828329,10460353203/4294967296,36580486169/3389154437772,-1946793041827/1099511627776,1946793041827/1099511627776,36580486169/6778308875544,-896940301636,2133290843
22,17592186044416/7625597484987,31381059609/17179869184,1299856640/282429536481,-6543804115449/4398046511104,6543804115449/4398046511104,649928320/282429536481,-2283873859652,4073989527
23,70368744177664/68630377364883,94143178827/68719476736,0,-20186332807275/17592186044416,20186332807275/17592186044416,0,-14056995313216,18806221980
24,281474976710656/205891132094649,282429536481/274877906944,9162306568922/1853020188851841,-49609816116245/35184372088832,49609816116245/35184372088832,4581153284461/1853020188851841,41453178669272,-41593757905
25,1125899906842624/617673396283947,847288609443/274877906944,4581153284461/617673396283947,-524248882394937/140737488355328,524248882394937/140737488355328,4581153284461/1235346792567894,-237568475693976,178780602249
26,4503599627370496/1853020188851841,2541865828329/1099511627776,4581153284461/617673396283947,-7601329208447859/1125899906842624,7601329208447859/1125899906842624,4581153284461/1235346792567894,-630983799892972,356132048109
27,18014398509481984/16677181699666569,7625597484987/4398046511104,13902108371950217/1801135623563989452,-11234116787659963/4503599627370496,11234116787659963/4503599627370496,13902108371950217/3602271247127978904,-5438134071625092,2301993123875
28,72057594037927936/50031545098999707,22876792454961/17592186044416,245775208546304/150094635296999121,-68140558788307761/18014398509481984,68140558788307761/18014398509481984,122887604273152/150094635296999121,-4492590750187076,1426304438124
29,288230376151711744/150094635296999121,68630377364883/17592186044416,245775208546304/450283905890997363,-555835454683788081/72057594037927936,555835454683788081/72057594037927936,122887604273152/450283905890997363,-126592491429592640,30142868959095
30,1152921504606846976/450283905890997363,205891132094649/70368744177664,245775208546304/150094635296999121,-230693226073587229/72057594037927936,230693226073587229/72057594037927936,122887604273152/150094635296999121,116677509075996208,-20836513446625
31,4611686018427387904/4052555153018976267,617673396283947/281474976710656,16851410874505865/3602271247127978904,-652738029417035961/144115188075855872,652738029417035961/144115188075855872,16851410874505865/7204542494255957808,-1843225255080318304,246875264029797
32,18446744073709551616/12157665459056928801,1853020188851841/1125899906842624,33490101420557792123/7878167217468889863048,-37840164612037853691/4611686018427387904,37840164612037853691/4611686018427387904,33490101420557792123/15756334434937779726096,-1166564387314919916,117184222465080
33,73786976294838206464/36472996377170786403,5559060566555523/4503599627370496,27039976847468589947/3939083608734444931524,-71573093792410848513/9223372036854775808,71573093792410848513/9223372036854775808,27039976847468589947/7878167217468889863048,4276749099018170024,-322207365896187
34,295147905179352825856/109418989131512359209,16677181699666569/4503599627370496,245775208546304/150094635296999121,-297641672090956994355/36893488147419103232,297641672090956994355/36893488147419103232,122887604273152/150094635296999121,58286907273092983232,-3293471938126401
35,1180591620717411303424/984770902183611232881,50031545098999707/18014398509481984,245775208546304/150094635296999121,-3054109116456049511919/295147905179352825856,3054109116456049511919/295147905179352825856,122887604273152/150094635296999121,-5376157188802455792,227832762939162
36,4722366482869645213696/2954312706550833698643,150094635296999121/72057594037927936,27039976847468589947/3939083608734444931524,-2640586988518277996991/295147905179352825856,2640586988518277996991/295147905179352825856,27039976847468589947/7878167217468889863048,871952306150547965712,-27713936193388086
37,18889465931478580854784/8862938119652501095929,450283905890997363/288230376151711744,24889935323105522555/2626055739156296621016,-4853612039677636225537/590295810358705651712,4853612039677636225537/590295810358705651712,24889935323105522555/5252111478312593242032,5945024091568229460128,-141716482524071109
38,75557863725914323419136/26588814358957503287787,1350851717672992089/1152921504606846976,24889935323105522555/2626055739156296621016,-155879991541551998392455/18889465931478580854784,155879991541551998392455/18889465931478580854784,24889935323105522555/5252111478312593242032,-34473824723329589508304,616335918537827958
39,302231454903657293676544/239299329230617529590083,4052555153018976267/1152921504606846976,27039976847468589947/3939083608734444931524,-496890638708448402044391/75557863725914323419136,496890638708448402044391/75557863725914323419136,27039976847468589947/7878167217468889863048,80277826521564070596184,-1076427732007027119
40,1208925819614629174706176/717897987691852588770249,12157665459056928801/4611686018427387904,242140555617070495696640/58149737003040059690390169,-2005243867737474251734961/302231454903657293676544,2005243867737474251734961/302231454903657293676544,121070277808535247848320/58149737003040059690390169,-487325319037653169772096,4900828572324321976
