t,a,b,birth_0,birth_1,birth_2,c_0,c_1,c_2,h,delta_h,d,delta_P,delta_d,E,delta_E,rule_jump,m,before_c_0,before_c_1,before_c_2
1536,9,1,0,1,1,15,15,15,15,1,0,2,-1,1,1,1,6,15,14,14
1728,6,3,1,0,0,16,15,15,15,0,1,1,1,0,-1,0,6,15,15,15
6144,11,1,1,1,0,21,20,20,20,1,1,2,-1,1,1,1,8,20,19,20
6561,0,8,0,1,0,21,21,20,20,0,2,1,1,0,-1,0,8,21,20,20
12288,12,1,0,1,1,23,24,23,23,1,1,2,-1,1,1,1,9,23,23,22
13122,1,8,0,0,1,23,24,24,23,0,2,1,1,0,-1,0,9,23,24,23
786432,18,1,0,1,1,46,46,46,46,1,0,2,-1,1,1,1,15,46,45,45
839808,7,8,0,0,1,46,46,47,46,0,1,1,1,0,-1,0,15,46,46,46
3145728,20,1,1,1,0,55,55,55,55,1,0,2,-1,1,1,1,17,54,54,55
3359232,9,8,0,1,0,56,56,55,55,0,2,1,1,0,-1,0,17,56,55,55
6291456,21,1,0,1,1,60,60,60,60,1,0,2,-1,1,1,1,18,60,59,59
6718464,10,8,0,0,1,60,61,61,60,0,2,1,1,0,-1,0,18,60,61,60
12582912,22,1,1,0,1,65,65,65,65,1,0,2,-1,1,1,1,19,64,65,64
13436928,11,8,1,0,0,66,65,66,65,0,2,1,1,0,-1,0,19,65,65,66
25165824,23,1,1,1,0,71,70,70,70,1,1,2,-1,1,1,1,20,70,69,70
26873856,12,8,0,1,0,72,71,70,70,0,3,1,1,0,-1,0,20,72,70,70
50331648,24,1,0,1,1,76,76,76,76,1,0,2,-1,1,1,1,21,76,75,75
53747712,13,8,0,0,1,76,77,77,76,0,2,1,1,0,-1,0,21,76,77,76
402653184,27,1,0,1,1,94,94,94,94,1,0,2,-1,1,1,1,24,94,93,93
429981696,16,8,0,0,1,94,95,95,94,0,2,1,1,0,-1,0,24,94,95,94
1610612736,29,1,1,1,0,107,107,107,107,1,0,2,-1,1,1,1,26,106,106,107
1719926784,18,8,0,1,0,108,108,107,107,0,2,1,1,0,-1,0,26,108,107,107
3265173504,11,13,0,1,0,114,114,114,114,1,0,1,-2,1,1,1,27,114,113,114
3439853568,19,8,0,0,1,114,114,115,114,0,1,1,1,0,-1,0,27,114,114,114
6530347008,12,13,0,0,1,121,121,121,121,1,0,1,-2,1,1,1,28,121,121,120
6879707136,20,8,1,0,0,122,121,121,121,0,1,1,1,0,-1,0,28,121,121,121
12884901888,32,1,1,1,0,128,128,128,128,1,0,2,-1,1,1,1,29,127,127,128
13759414272,21,8,0,1,0,129,129,128,128,0,2,1,1,0,-1,0,29,129,128,128
25769803776,33,1,0,1,1,136,135,135,135,1,1,2,-1,1,1,1,30,136,134,134
28991029248,30,3,1,0,0,137,137,136,136,0,2,1,1,0,-1,0,30,136,137,136
51539607552,34,1,1,0,1,143,143,143,143,1,0,2,-1,1,1,1,31,142,143,142
55037657088,23,8,1,0,0,144,143,144,143,0,2,1,1,0,-1,0,31,143,143,144
103079215104,35,1,1,1,0,151,151,151,151,1,0,2,-1,1,1,1,32,150,150,151
110075314176,24,8,0,1,0,152,152,151,151,0,2,1,1,0,-1,0,32,152,151,151
206158430208,36,1,0,1,1,159,159,159,159,1,0,2,-1,1,1,1,33,159,158,158
220150628352,25,8,0,0,1,159,160,160,159,0,2,1,1,0,-1,0,33,159,160,159
847288609443,0,25,0,0,1,177,176,176,176,1,1,1,-2,1,1,1,35,177,176,175
880602513408,27,8,0,1,0,177,177,176,176,0,2,1,1,0,-1,0,35,177,176,176
1694577218886,1,25,1,0,0,185,185,185,185,1,0,1,-2,1,1,1,36,184,185,185
1761205026816,28,8,0,0,1,185,185,186,185,0,1,1,1,0,-1,0,36,185,185,185
3389154437772,2,25,0,1,0,194,194,194,194,1,0,1,-2,1,1,1,37,194,193,194
3522410053632,29,8,1,0,0,195,194,194,194,0,1,1,1,0,-1,0,37,194,194,194
6778308875544,3,25,0,0,1,203,203,203,203,1,0,1,-2,1,1,1,38,203,203,202
7044820107264,30,8,0,1,0,203,204,203,203,0,1,1,1,0,-1,0,38,203,203,203
13374150672384,23,13,0,1,0,212,212,212,212,1,0,1,-2,1,1,1,39,212,211,212
14089640214528,31,8,0,0,1,213,212,213,212,0,2,1,1,0,-1,0,39,213,212,212
14281868906496,12,20,0,1,0,213,213,213,213,1,0,1,-2,1,1,1,39,213,212,213
14843406974976,39,3,1,0,0,214,213,213,213,0,1,1,1,0,-1,0,39,213,213,213
27113235502176,5,25,0,1,0,222,222,222,222,1,0,1,-2,1,1,1,40,222,221,222
28179280429056,32,8,1,0,0,223,222,222,222,0,1,1,1,0,-1,0,40,222,222,222
52776558133248,44,1,1,1,0,231,231,231,231,1,0,2,-1,1,1,1,41,230,230,231
59373627899904,41,3,0,0,1,233,232,233,232,0,2,1,1,0,-1,0,41,233,232,232
105553116266496,45,1,0,1,1,241,241,241,241,1,0,2,-1,1,1,1,42,241,240,240
118747255799808,42,3,1,0,0,243,243,242,242,0,2,1,1,0,-1,0,42,242,243,242
216905884017408,8,25,0,1,0,252,252,252,252,1,0,1,-2,1,1,1,43,252,251,252
225434243432448,35,8,1,0,0,253,252,252,252,0,1,1,1,0,-1,0,43,252,252,252
433811768034816,9,25,0,0,1,263,262,262,262,1,1,1,-2,1,1,1,44,263,262,261
450868486864896,36,8,0,1,0,263,263,262,262,0,2,1,1,0,-1,0,44,263,262,262
867623536069632,10,25,1,0,0,273,273,273,273,1,0,1,-2,1,1,1,45,272,273,273
901736973729792,37,8,0,0,1,273,273,274,273,0,1,1,1,0,-1,0,45,273,273,273
6940988288557056,13,25,1,0,0,306,306,306,306,1,0,1,-2,1,1,1,48,305,306,306
7213895789838336,40,8,0,0,1,306,306,307,306,0,1,1,1,0,-1,0,48,306,306,306
7412080755407364,2,32,1,0,0,307,307,307,307,1,0,1,-2,1,1,1,48,306,307,307
7599824371187712,48,3,1,0,0,308,307,307,307,0,1,1,1,0,-1,0,48,307,307,307
27763953154228224,15,25,0,0,1,329,329,329,329,1,0,1,-2,1,1,1,50,329,329,328
28855583159353344,42,8,0,1,0,329,330,329,329,0,1,1,1,0,-1,0,50,329,329,329
29648323021629456,4,32,0,0,1,330,330,330,330,1,0,1,-2,1,1,1,50,330,330,329
30399297484750848,50,3,0,0,1,330,330,331,330,0,1,1,1,0,-1,0,50,330,330,330
55527906308456448,16,25,1,0,0,341,341,341,341,1,0,1,-2,1,1,1,51,340,341,341
57711166318706688,43,8,0,0,1,341,341,342,341,0,1,1,1,0,-1,0,51,341,341,341
59296646043258912,5,32,1,0,0,342,342,342,342,1,0,1,-2,1,1,1,51,341,342,342
60798594969501696,51,3,1,0,0,343,342,342,342,0,1,1,1,0,-1,0,51,342,342,342
111055812616912896,17,25,0,1,0,353,353,353,353,1,0,1,-2,1,1,1,52,353,352,353
115422332637413376,44,8,1,0,0,354,353,353,353,0,1,1,1,0,-1,0,52,353,353,353
118593292086517824,6,32,0,1,0,354,354,354,354,1,0,1,-2,1,1,1,52,354,353,354
121597189939003392,52,3,0,1,0,354,355,354,354,0,1,1,1,0,-1,0,52,354,354,354
222111625233825792,18,25,0,0,1,366,365,365,365,1,1,1,-2,1,1,1,53,366,365,364
230844665274826752,45,8,0,1,0,366,366,365,365,0,2,1,1,0,-1,0,53,366,365,365
237186584173035648,7,32,0,0,1,367,366,366,366,1,1,1,-2,1,1,1,53,367,366,365
243194379878006784,53,3,0,0,1,367,366,367,366,0,2,1,1,0,-1,0,53,367,366,366
432345564227567616,57,1,0,1,1,377,377,377,377,1,0,2,-1,1,1,1,54,377,376,376
461689330549653504,46,8,0,0,1,378,378,379,378,0,1,1,1,0,-1,0,54,378,378,378
474373168346071296,8,32,1,0,0,379,379,379,379,1,0,1,-2,1,1,1,54,378,379,379
486388759756013568,54,3,1,0,0,380,379,379,379,0,1,1,1,0,-1,0,54,379,379,379
888446500935303168,20,25,0,1,0,390,390,391,390,1,1,1,-2,1,1,1,55,390,389,391
900567811781994726,1,37,1,0,0,391,390,391,390,0,2,1,1,0,-1,0,55,390,390,391
1776893001870606336,21,25,0,0,1,404,403,403,403,1,1,1,-2,1,1,1,56,404,403,402
1801135623563989452,2,37,0,1,0,404,404,403,403,0,2,1,1,0,-1,0,56,404,403,403
3553786003741212672,22,25,1,0,0,416,417,416,416,1,1,1,-2,1,1,1,57,415,417,416
3602271247127978904,3,37,0,0,1,416,417,417,416,0,2,1,1,0,-1,0,57,416,417,416
14215144014964850688,24,25,0,0,1,444,443,443,443,1,1,1,-2,1,1,1,59,444,443,442
14409084988511915616,5,37,0,1,0,444,444,443,443,0,2,1,1,0,-1,0,59,444,443,443
28430288029929701376,25,25,1,0,0,457,457,457,457,1,0,1,-2,1,1,1,60,456,457,457
28818169977023831232,6,37,0,0,1,457,457,458,457,0,1,1,1,0,-1,0,60,457,457,457
56860576059859402752,26,25,0,1,0,471,471,471,471,1,0,1,-2,1,1,1,61,471,470,471
57636339954047662464,7,37,1,0,0,472,471,471,471,0,1,1,1,0,-1,0,61,471,471,471
113721152119718805504,27,25,0,0,1,486,485,485,485,1,1,1,-2,1,1,1,62,486,485,484
115272679908095324928,8,37,0,1,0,486,486,485,485,0,2,1,1,0,-1,0,62,486,485,485
221360928884514619392,66,1,0,1,1,499,499,499,499,1,0,2,-1,1,1,1,63,499,498,498
236384937241422594048,55,8,0,0,1,500,500,501,500,0,1,1,1,0,-1,0,63,500,500,500
242879062193188503552,17,32,1,0,0,501,501,501,501,1,0,1,-2,1,1,1,63,500,501,501
249031044995078946816,63,3,1,0,0,502,501,501,501,0,1,1,1,0,-1,0,63,501,501,501
454884608478875222016,29,25,0,1,0,514,514,515,514,1,1,1,-2,1,1,1,64,514,513,515
461090719632381299712,10,37,1,0,0,515,514,515,514,0,2,1,1,0,-1,0,64,514,514,515
885443715538058477568,68,1,1,1,0,529,528,528,528,1,1,2,-1,1,1,1,65,528,527,528
945539748965690376192,57,8,0,1,0,530,530,529,529,0,2,1,1,0,-1,0,65,530,529,529
971516248772754014208,19,32,0,0,1,531,530,530,530,1,1,1,-2,1,1,1,65,531,530,529
984770902183611232881,0,44,0,1,0,531,531,530,530,0,2,1,1,0,-1,0,65,531,530,530
1770887431076116955136,69,1,0,1,1,543,544,543,543,1,1,2,-1,1,1,1,66,543,543,542
1891079497931380752384,58,8,0,0,1,544,545,545,544,0,2,1,1,0,-1,0,66,544,545,544
1943032497545508028416,20,32,1,0,0,545,546,545,545,1,1,1,-2,1,1,1,66,544,546,545
1969541804367222465762,1,44,0,0,1,545,546,546,545,0,2,1,1,0,-1,0,66,545,546,545
3639076867831001776128,32,25,0,1,0,559,559,560,559,1,1,1,-2,1,1,1,67,559,558,560
3688725757059050397696,13,37,1,0,0,560,559,560,559,0,2,1,1,0,-1,0,67,559,559,560
7278153735662003552256,33,25,0,0,1,576,574,574,574,1,2,1,-2,1,1,1,68,576,574,573
7377451514118100795392,14,37,0,1,0,576,575,574,574,0,3,1,1,0,-1,0,68,576,574,574
14556307471324007104512,34,25,1,0,0,590,591,590,590,1,1,1,-2,1,1,1,69,589,591,590
14754903028236201590784,15,37,0,0,1,590,591,591,590,0,2,1,1,0,-1,0,69,590,591,590
29112614942648014209024,35,25,0,1,0,606,606,607,606,1,1,1,-2,1,1,1,70,606,605,607
29509806056472403181568,16,37,1,0,0,607,606,607,606,0,2,1,1,0,-1,0,70,606,606,607
58225229885296028418048,36,25,0,0,1,623,622,622,622,1,1,1,-2,1,1,1,71,623,622,621
59019612112944806363136,17,37,0,1,0,623,623,622,622,0,2,1,1,0,-1,0,71,623,622,622
113336795588871485128704,75,1,0,1,1,638,638,638,638,1,0,2,-1,1,1,1,72,638,637,637
121029087867608368152576,64,8,0,0,1,639,639,640,639,0,1,1,1,0,-1,0,72,639,639,639
124354079842912513818624,26,32,1,0,0,640,640,640,640,1,0,1,-2,1,1,1,72,639,640,640
126050675479502237808768,7,44,0,0,1,640,640,641,640,0,1,1,1,0,-1,0,72,640,640,640
232900919541184113672192,38,25,0,1,0,655,655,655,655,1,0,1,-2,1,1,1,73,655,654,655
236078448451779225452544,19,37,1,0,0,656,655,655,655,0,1,1,1,0,-1,0,73,655,655,655
453347182355485940514816,77,1,1,1,0,671,671,671,671,1,0,2,-1,1,1,1,74,670,670,671
484116351470433472610304,66,8,0,1,0,673,673,672,672,0,2,1,1,0,-1,0,74,673,672,672
497416319371650055274496,28,32,0,0,1,674,673,673,673,1,1,1,-2,1,1,1,74,674,673,672
504202701918008951235072,9,44,0,1,0,674,674,673,673,0,2,1,1,0,-1,0,74,674,673,673
906694364710971881029632,78,1,0,1,1,688,688,688,688,1,0,2,-1,1,1,1,75,688,687,687
968232702940866945220608,67,8,0,0,1,689,690,690,689,0,2,1,1,0,-1,0,75,689,690,689
994832638743300110548992,29,32,1,0,0,690,691,690,690,1,1,1,-2,1,1,1,75,689,691,690
1008405403836017902470144,10,44,0,0,1,690,691,691,690,0,2,1,1,0,-1,0,75,690,691,690
1813388729421943762059264,79,1,1,0,1,705,705,705,705,1,0,2,-1,1,1,1,76,704,705,704
1936465405881733890441216,68,8,1,0,0,707,706,707,706,0,2,1,1,0,-1,0,76,706,706,707
1989665277486600221097984,30,32,0,1,0,707,707,708,707,1,1,1,-2,1,1,1,76,707,706,708
2016810807672035804940288,11,44,1,0,0,708,707,708,707,0,2,1,1,0,-1,0,76,707,707,708
3626777458843887524118528,80,1,1,1,0,723,722,722,722,1,1,2,-1,1,1,1,77,722,721,722
3872930811763467780882432,69,8,0,1,0,725,724,723,723,0,3,1,1,0,-1,0,77,725,723,723
3979330554973200442195968,31,32,0,0,1,726,724,724,724,1,2,1,-2,1,1,1,77,726,724,723
4033621615344071609880576,12,44,0,1,0,726,725,724,724,0,3,1,1,0,-1,0,77,726,724,724
7253554917687775048237056,81,1,0,1,1,740,740,740,740,1,0,2,-1,1,1,1,78,740,739,739
7745861623526935561764864,70,8,0,0,1,741,742,742,741,0,2,1,1,0,-1,0,78,741,742,741
7958661109946400884391936,32,32,1,0,0,742,743,742,742,1,1,1,-2,1,1,1,78,741,743,742
8067243230688143219761152,13,44,0,0,1,742,743,743,742,0,2,1,1,0,-1,0,78,742,743,742
14905658850635783275020288,44,25,0,1,0,758,758,759,758,1,1,1,-2,1,1,1,79,758,757,759
15109020700913870428962816,25,37,1,0,0,759,758,759,758,0,2,1,1,0,-1,0,79,758,758,759
29811317701271566550040576,45,25,0,0,1,777,776,776,776,1,1,1,-2,1,1,1,80,777,776,775
30218041401827740857925632,26,37,0,1,0,777,777,776,776,0,2,1,1,0,-1,0,80,777,776,776
58149737003040059690390169,0,54,1,0,0,794,794,794,794,1,0,1,-2,1,1,1,81,793,794,794
61966892988215484494118912,73,8,0,0,1,795,796,796,795,0,2,1,1,0,-1,0,81,795,796,795
63669288879571207075135488,35,32,1,0,0,796,797,796,796,1,1,1,-2,1,1,1,81,795,797,796
64537945845505145758089216,16,44,0,0,1,796,797,797,796,0,2,1,1,0,-1,0,81,796,797,796
