t,a,b,exact_g,g_cand,E,m,base_colour,pair_a1,pair_b1,pair_weight1,pair_a2,pair_b2,pair_weight2,c_0,c_1,c_2,minimum_colours,minimum_tied,floor_log2,floor_log3,ratio2_exact,ratio2_decimal,ratio3_exact,ratio3_decimal
1536,9,1,31,30,1,6,2,7,1,384,9,0,512,15,15,15,0|1|2,True,10,6,3/2,1.5,512/243,2.10699588477366255144032921810699588477366255
6144,11,1,42,41,1,8,1,9,1,1536,11,0,2048,21,20,20,1|2,True,12,7,3/2,1.5,2048/729,2.80932784636488340192043895747599451303155007
12288,12,1,48,47,1,9,2,10,1,3072,12,0,4096,23,24,23,0|2,True,13,8,3/2,1.5,4096/2187,1.87288523090992226794695930498399634202103338
786432,18,1,93,92,1,15,2,16,1,196608,18,0,262144,46,46,46,0|1|2,True,19,12,3/2,1.5,262144/177147,1.47981055281771635985932587060463908505365600
3145728,20,1,111,110,1,17,1,18,1,786432,20,0,1048576,55,55,55,0|1|2,True,21,13,3/2,1.5,1048576/531441,1.97308073709028847981243449413951878007154134
3188646,1,13,112,111,1,17,1,18,1,786432,20,0,1048576,56,55,55,1|2,True,21,13,1594323/1048576,1.52046489715576171875,2,2
6291456,21,1,121,120,1,18,2,19,1,1572864,21,0,2097152,60,60,60,0|1|2,True,22,14,3/2,1.5,2097152/1594323,1.31538715806019231987495632942634585338102756
6377292,2,13,122,121,1,18,2,19,1,1572864,21,0,2097152,60,61,60,0|2,True,22,14,1594323/1048576,1.52046489715576171875,4/3,1.33333333333333333333333333333333333333333333
12582912,22,1,131,130,1,19,0,20,1,3145728,22,0,4194304,65,65,65,0|1|2,True,23,14,3/2,1.5,4194304/1594323,2.63077431612038463974991265885269170676205512
12754584,3,13,132,131,1,19,0,20,1,3145728,22,0,4194304,65,65,66,0|1,True,23,14,1594323/1048576,1.52046489715576171875,8/3,2.66666666666666666666666666666666666666666667
25165824,23,1,142,141,1,20,1,21,1,6291456,23,0,8388608,71,70,70,1|2,True,24,15,3/2,1.5,8388608/4782969,1.75384954408025642649994177256846113784137008
25509168,4,13,143,142,1,20,1,21,1,6291456,23,0,8388608,72,70,70,1|2,True,24,15,1594323/1048576,1.52046489715576171875,16/9,1.77777777777777777777777777777777777777777778
50331648,24,1,153,152,1,21,2,22,1,12582912,24,0,16777216,76,76,76,0|1|2,True,25,16,3/2,1.5,16777216/14348907,1.16923302938683761766662784837897409189424672
51018336,5,13,154,153,1,21,2,22,1,12582912,24,0,16777216,76,77,76,0|2,True,25,16,1594323/1048576,1.52046489715576171875,32/27,1.18518518518518518518518518518518518518518519
402653184,27,1,189,188,1,24,2,25,1,100663296,27,0,134217728,94,94,94,0|1|2,True,28,18,3/2,1.5,134217728/129140163,1.03931824834385566014811364300353252612821931
408146688,8,13,190,189,1,24,2,25,1,100663296,27,0,134217728,94,95,94,0|2,True,28,18,1594323/1048576,1.52046489715576171875,256/243,1.05349794238683127572016460905349794238683128
1610612736,29,1,215,214,1,26,1,27,1,402653184,29,0,536870912,107,107,107,0|1|2,True,30,19,3/2,1.5,536870912/387420489,1.38575766445847421353081819067137670150429241
1632586752,10,13,216,215,1,26,1,27,1,402653184,29,0,536870912,108,107,107,1|2,True,30,19,1594323/1048576,1.52046489715576171875,1024/729,1.40466392318244170096021947873799725651577503
3265173504,11,13,229,228,1,27,2,28,1,805306368,30,0,1073741824,114,114,114,0|1|2,True,31,19,1594323/1048576,1.52046489715576171875,2048/729,2.80932784636488340192043895747599451303155007
6530347008,12,13,243,242,1,28,0,29,1,1610612736,31,0,2147483648,121,121,121,0|1|2,True,32,20,1594323/1048576,1.52046489715576171875,4096/2187,1.87288523090992226794695930498399634202103338
12884901888,32,1,257,256,1,29,1,30,1,3221225472,32,0,4294967296,128,128,128,0|1|2,True,33,21,3/2,1.5,4294967296/3486784401,1.23178459062975485647183839170789040133714881
13060694016,13,13,258,257,1,29,1,30,1,3221225472,32,0,4294967296,129,128,128,1|2,True,33,21,1594323/1048576,1.52046489715576171875,8192/6561,1.24859015393994817863130620332266422801402225
25769803776,33,1,272,271,1,30,2,31,1,6442450944,33,0,8589934592,136,135,135,1|2,True,34,21,3/2,1.5,8589934592/3486784401,2.46356918125950971294367678341578080267429761
26121388032,14,13,273,272,1,30,2,31,1,6442450944,33,0,8589934592,136,136,135,2,False,34,21,1594323/1048576,1.52046489715576171875,16384/6561,2.49718030787989635726261240664532845602804451
27518828544,22,8,273,272,1,30,2,31,1,6442450944,33,0,8589934592,136,136,136,0|1|2,True,34,21,6561/4096,1.601806640625,4194304/1594323,2.63077431612038463974991265885269170676205512
27894275208,3,20,274,273,1,30,2,31,1,6442450944,33,0,8589934592,136,137,136,0|2,True,34,21,3486784401/2147483648,1.6236605127342045307159423828125,8/3,2.66666666666666666666666666666666666666666667
51539607552,34,1,287,286,1,31,0,32,1,12884901888,34,0,17179869184,143,143,143,0|1|2,True,35,22,3/2,1.5,17179869184/10460353203,1.64237945417300647529578452227718720178286508
52242776064,15,13,288,287,1,31,0,32,1,12884901888,34,0,17179869184,143,143,144,0|1,True,35,22,1594323/1048576,1.52046489715576171875,32768/19683,1.66478687191993090484174160443021897068536300
103079215104,35,1,303,302,1,32,1,33,1,25769803776,35,0,34359738368,151,151,151,0|1|2,True,36,23,3/2,1.5,34359738368/31381059609,1.09491963611533765019718968151812480118857672
104485552128,16,13,304,303,1,32,1,33,1,25769803776,35,0,34359738368,152,151,151,1|2,True,36,23,1594323/1048576,1.52046489715576171875,65536/59049,1.10985791461328726989449440295347931379024200
206158430208,36,1,319,318,1,33,2,34,1,51539607552,36,0,68719476736,159,159,159,0|1|2,True,37,23,3/2,1.5,68719476736/31381059609,2.18983927223067530039437936303624960237715343
208971104256,17,13,320,319,1,33,2,34,1,51539607552,36,0,68719476736,159,160,159,0|2,True,37,23,1594323/1048576,1.52046489715576171875,131072/59049,2.21971582922657453978898880590695862758048400
