prefix,t,g,jump,weight,a,b,status,g_excluded,g_required,exclusion_loss,requirement_loss
1,1,1,1,1,0,0,forced,0,1,1,0
2,2,2,1,1,0,0,forced,1,2,1,0
2,2,2,1,2,1,0,forced,1,2,1,0
3,3,2,0,1,0,0,flexible,2,2,0,0
3,3,2,0,2,1,0,flexible,2,2,0,0
3,3,2,0,3,0,1,flexible,2,2,0,0
4,4,3,1,1,0,0,flexible,3,3,0,0
4,4,3,1,2,1,0,flexible,3,3,0,0
4,4,3,1,3,0,1,flexible,3,3,0,0
4,4,3,1,4,2,0,forced,2,3,1,0
5,6,4,1,1,0,0,forced,3,4,1,0
5,6,4,1,2,1,0,none,4,3,0,1
5,6,4,1,3,0,1,forced,3,4,1,0
5,6,4,1,4,2,0,forced,3,4,1,0
5,6,4,1,6,1,1,forced,3,4,1,0
6,8,5,1,1,0,0,forced,4,5,1,0
6,8,5,1,2,1,0,none,5,4,0,1
6,8,5,1,3,0,1,forced,4,5,1,0
6,8,5,1,4,2,0,forced,4,5,1,0
6,8,5,1,6,1,1,forced,4,5,1,0
6,8,5,1,8,3,0,forced,4,5,1,0
7,9,5,0,1,0,0,flexible,5,5,0,0
7,9,5,0,2,1,0,flexible,5,5,0,0
7,9,5,0,3,0,1,flexible,5,5,0,0
7,9,5,0,4,2,0,flexible,5,5,0,0
7,9,5,0,6,1,1,flexible,5,5,0,0
7,9,5,0,8,3,0,forced,4,5,1,0
7,9,5,0,9,0,2,flexible,5,5,0,0
8,12,6,1,1,0,0,forced,5,6,1,0
8,12,6,1,2,1,0,forced,5,6,1,0
8,12,6,1,3,0,1,none,6,5,0,1
8,12,6,1,4,2,0,none,6,5,0,1
8,12,6,1,6,1,1,forced,5,6,1,0
8,12,6,1,8,3,0,forced,5,6,1,0
8,12,6,1,9,0,2,forced,5,6,1,0
8,12,6,1,12,2,1,forced,5,6,1,0
9,16,7,1,1,0,0,forced,6,7,1,0
9,16,7,1,2,1,0,forced,6,7,1,0
9,16,7,1,3,0,1,none,7,6,0,1
9,16,7,1,4,2,0,none,7,6,0,1
9,16,7,1,6,1,1,forced,6,7,1,0
9,16,7,1,8,3,0,forced,6,7,1,0
9,16,7,1,9,0,2,forced,6,7,1,0
9,16,7,1,12,2,1,forced,6,7,1,0
9,16,7,1,16,4,0,forced,6,7,1,0
10,18,7,0,1,0,0,flexible,7,7,0,0
10,18,7,0,2,1,0,flexible,7,7,0,0
10,18,7,0,3,0,1,flexible,7,7,0,0
10,18,7,0,4,2,0,flexible,7,7,0,0
10,18,7,0,6,1,1,flexible,7,7,0,0
10,18,7,0,8,3,0,flexible,7,7,0,0
10,18,7,0,9,0,2,flexible,7,7,0,0
10,18,7,0,12,2,1,flexible,7,7,0,0
10,18,7,0,16,4,0,forced,6,7,1,0
10,18,7,0,18,1,2,flexible,7,7,0,0
11,24,8,1,1,0,0,flexible,8,8,0,0
11,24,8,1,2,1,0,flexible,8,8,0,0
11,24,8,1,3,0,1,flexible,8,8,0,0
11,24,8,1,4,2,0,forced,7,8,1,0
11,24,8,1,6,1,1,none,8,7,0,1
11,24,8,1,8,3,0,none,8,7,0,1
11,24,8,1,9,0,2,forced,7,8,1,0
11,24,8,1,12,2,1,forced,7,8,1,0
11,24,8,1,16,4,0,forced,7,8,1,0
11,24,8,1,18,1,2,forced,7,8,1,0
11,24,8,1,24,3,1,forced,7,8,1,0
12,27,8,0,1,0,0,flexible,8,8,0,0
12,27,8,0,2,1,0,flexible,8,8,0,0
12,27,8,0,3,0,1,flexible,8,8,0,0
12,27,8,0,4,2,0,flexible,8,8,0,0
12,27,8,0,6,1,1,flexible,8,8,0,0
12,27,8,0,8,3,0,flexible,8,8,0,0
12,27,8,0,9,0,2,flexible,8,8,0,0
12,27,8,0,12,2,1,flexible,8,8,0,0
12,27,8,0,16,4,0,flexible,8,8,0,0
12,27,8,0,18,1,2,flexible,8,8,0,0
12,27,8,0,24,3,1,flexible,8,8,0,0
12,27,8,0,27,0,3,flexible,8,8,0,0
13,32,9,1,1,0,0,flexible,9,9,0,0
13,32,9,1,2,1,0,flexible,9,9,0,0
13,32,9,1,3,0,1,flexible,9,9,0,0
13,32,9,1,4,2,0,flexible,9,9,0,0
13,32,9,1,6,1,1,flexible,9,9,0,0
13,32,9,1,8,3,0,flexible,9,9,0,0
13,32,9,1,9,0,2,flexible,9,9,0,0
13,32,9,1,12,2,1,flexible,9,9,0,0
13,32,9,1,16,4,0,flexible,9,9,0,0
13,32,9,1,18,1,2,flexible,9,9,0,0
13,32,9,1,24,3,1,flexible,9,9,0,0
13,32,9,1,27,0,3,flexible,9,9,0,0
13,32,9,1,32,5,0,forced,8,9,1,0
14,36,10,1,1,0,0,forced,9,10,1,0
14,36,10,1,2,1,0,flexible,10,10,0,0
14,36,10,1,3,0,1,flexible,10,10,0,0
14,36,10,1,4,2,0,flexible,10,10,0,0
14,36,10,1,6,1,1,forced,9,10,1,0
14,36,10,1,8,3,0,flexible,10,10,0,0
14,36,10,1,9,0,2,flexible,10,10,0,0
14,36,10,1,12,2,1,flexible,10,10,0,0
14,36,10,1,16,4,0,flexible,10,10,0,0
14,36,10,1,18,1,2,flexible,10,10,0,0
14,36,10,1,24,3,1,flexible,10,10,0,0
14,36,10,1,27,0,3,forced,9,10,1,0
14,36,10,1,32,5,0,forced,9,10,1,0
14,36,10,1,36,2,2,forced,9,10,1,0
15,48,11,1,1,0,0,forced,10,11,1,0
15,48,11,1,2,1,0,none,11,10,0,1
15,48,11,1,3,0,1,forced,10,11,1,0
15,48,11,1,4,2,0,forced,10,11,1,0
15,48,11,1,6,1,1,forced,10,11,1,0
15,48,11,1,8,3,0,forced,10,11,1,0
15,48,11,1,9,0,2,none,11,10,0,1
15,48,11,1,12,2,1,none,11,10,0,1
15,48,11,1,16,4,0,none,11,10,0,1
15,48,11,1,18,1,2,forced,10,11,1,0
15,48,11,1,24,3,1,forced,10,11,1,0
15,48,11,1,27,0,3,forced,10,11,1,0
15,48,11,1,32,5,0,forced,10,11,1,0
15,48,11,1,36,2,2,forced,10,11,1,0
15,48,11,1,48,4,1,forced,10,11,1,0
16,54,11,0,1,0,0,flexible,11,11,0,0
16,54,11,0,2,1,0,flexible,11,11,0,0
16,54,11,0,3,0,1,flexible,11,11,0,0
16,54,11,0,4,2,0,flexible,11,11,0,0
16,54,11,0,6,1,1,flexible,11,11,0,0
16,54,11,0,8,3,0,forced,10,11,1,0
16,54,11,0,9,0,2,flexible,11,11,0,0
16,54,11,0,12,2,1,flexible,11,11,0,0
16,54,11,0,16,4,0,flexible,11,11,0,0
16,54,11,0,18,1,2,flexible,11,11,0,0
16,54,11,0,24,3,1,flexible,11,11,0,0
16,54,11,0,27,0,3,forced,10,11,1,0
16,54,11,0,32,5,0,flexible,11,11,0,0
16,54,11,0,36,2,2,flexible,11,11,0,0
16,54,11,0,48,4,1,flexible,11,11,0,0
16,54,11,0,54,1,3,flexible,11,11,0,0
17,64,12,1,1,0,0,flexible,12,12,0,0
17,64,12,1,2,1,0,flexible,12,12,0,0
17,64,12,1,3,0,1,flexible,12,12,0,0
17,64,12,1,4,2,0,flexible,12,12,0,0
17,64,12,1,6,1,1,flexible,12,12,0,0
17,64,12,1,8,3,0,forced,11,12,1,0
17,64,12,1,9,0,2,flexible,12,12,0,0
17,64,12,1,12,2,1,flexible,12,12,0,0
17,64,12,1,16,4,0,flexible,12,12,0,0
17,64,12,1,18,1,2,flexible,12,12,0,0
17,64,12,1,24,3,1,flexible,12,12,0,0
17,64,12,1,27,0,3,forced,11,12,1,0
17,64,12,1,32,5,0,flexible,12,12,0,0
17,64,12,1,36,2,2,flexible,12,12,0,0
17,64,12,1,48,4,1,flexible,12,12,0,0
17,64,12,1,54,1,3,flexible,12,12,0,0
17,64,12,1,64,6,0,forced,11,12,1,0
18,72,13,1,1,0,0,forced,12,13,1,0
18,72,13,1,2,1,0,forced,12,13,1,0
18,72,13,1,3,0,1,none,13,12,0,1
18,72,13,1,4,2,0,none,13,12,0,1
18,72,13,1,6,1,1,forced,12,13,1,0
18,72,13,1,8,3,0,forced,12,13,1,0
18,72,13,1,9,0,2,forced,12,13,1,0
18,72,13,1,12,2,1,forced,12,13,1,0
18,72,13,1,16,4,0,flexible,13,13,0,0
18,72,13,1,18,1,2,none,13,12,0,1
18,72,13,1,24,3,1,none,13,12,0,1
18,72,13,1,27,0,3,forced,12,13,1,0
18,72,13,1,32,5,0,flexible,13,13,0,0
18,72,13,1,36,2,2,forced,12,13,1,0
18,72,13,1,48,4,1,flexible,13,13,0,0
18,72,13,1,54,1,3,forced,12,13,1,0
18,72,13,1,64,6,0,forced,12,13,1,0
18,72,13,1,72,3,2,forced,12,13,1,0
19,81,13,0,1,0,0,flexible,13,13,0,0
19,81,13,0,2,1,0,flexible,13,13,0,0
19,81,13,0,3,0,1,flexible,13,13,0,0
19,81,13,0,4,2,0,flexible,13,13,0,0
19,81,13,0,6,1,1,flexible,13,13,0,0
19,81,13,0,8,3,0,flexible,13,13,0,0
19,81,13,0,9,0,2,flexible,13,13,0,0
19,81,13,0,12,2,1,flexible,13,13,0,0
19,81,13,0,16,4,0,flexible,13,13,0,0
19,81,13,0,18,1,2,flexible,13,13,0,0
19,81,13,0,24,3,1,flexible,13,13,0,0
19,81,13,0,27,0,3,flexible,13,13,0,0
19,81,13,0,32,5,0,flexible,13,13,0,0
19,81,13,0,36,2,2,flexible,13,13,0,0
19,81,13,0,48,4,1,flexible,13,13,0,0
19,81,13,0,54,1,3,flexible,13,13,0,0
19,81,13,0,64,6,0,forced,12,13,1,0
19,81,13,0,72,3,2,flexible,13,13,0,0
19,81,13,0,81,0,4,flexible,13,13,0,0
20,96,14,1,1,0,0,forced,13,14,1,0
20,96,14,1,2,1,0,flexible,14,14,0,0
20,96,14,1,3,0,1,flexible,14,14,0,0
20,96,14,1,4,2,0,flexible,14,14,0,0
20,96,14,1,6,1,1,forced,13,14,1,0
20,96,14,1,8,3,0,forced,13,14,1,0
20,96,14,1,9,0,2,flexible,14,14,0,0
20,96,14,1,12,2,1,flexible,14,14,0,0
20,96,14,1,16,4,0,forced,13,14,1,0
20,96,14,1,18,1,2,flexible,14,14,0,0
20,96,14,1,24,3,1,none,14,13,0,1
20,96,14,1,27,0,3,flexible,14,14,0,0
20,96,14,1,32,5,0,none,14,13,0,1
20,96,14,1,36,2,2,forced,13,14,1,0
20,96,14,1,48,4,1,forced,13,14,1,0
20,96,14,1,54,1,3,flexible,14,14,0,0
20,96,14,1,64,6,0,forced,13,14,1,0
20,96,14,1,72,3,2,forced,13,14,1,0
20,96,14,1,81,0,4,flexible,14,14,0,0
20,96,14,1,96,5,1,forced,13,14,1,0
21,108,14,0,1,0,0,flexible,14,14,0,0
21,108,14,0,2,1,0,flexible,14,14,0,0
21,108,14,0,3,0,1,flexible,14,14,0,0
21,108,14,0,4,2,0,flexible,14,14,0,0
21,108,14,0,6,1,1,flexible,14,14,0,0
21,108,14,0,8,3,0,flexible,14,14,0,0
21,108,14,0,9,0,2,flexible,14,14,0,0
21,108,14,0,12,2,1,flexible,14,14,0,0
21,108,14,0,16,4,0,flexible,14,14,0,0
21,108,14,0,18,1,2,flexible,14,14,0,0
21,108,14,0,24,3,1,flexible,14,14,0,0
21,108,14,0,27,0,3,flexible,14,14,0,0
21,108,14,0,32,5,0,flexible,14,14,0,0
21,108,14,0,36,2,2,flexible,14,14,0,0
21,108,14,0,48,4,1,flexible,14,14,0,0
21,108,14,0,54,1,3,flexible,14,14,0,0
21,108,14,0,64,6,0,flexible,14,14,0,0
21,108,14,0,72,3,2,flexible,14,14,0,0
21,108,14,0,81,0,4,flexible,14,14,0,0
21,108,14,0,96,5,1,flexible,14,14,0,0
21,108,14,0,108,2,3,flexible,14,14,0,0
22,128,15,1,1,0,0,flexible,15,15,0,0
22,128,15,1,2,1,0,flexible,15,15,0,0
22,128,15,1,3,0,1,flexible,15,15,0,0
22,128,15,1,4,2,0,flexible,15,15,0,0
22,128,15,1,6,1,1,flexible,15,15,0,0
22,128,15,1,8,3,0,flexible,15,15,0,0
22,128,15,1,9,0,2,flexible,15,15,0,0
22,128,15,1,12,2,1,flexible,15,15,0,0
22,128,15,1,16,4,0,flexible,15,15,0,0
22,128,15,1,18,1,2,flexible,15,15,0,0
22,128,15,1,24,3,1,flexible,15,15,0,0
22,128,15,1,27,0,3,flexible,15,15,0,0
22,128,15,1,32,5,0,flexible,15,15,0,0
22,128,15,1,36,2,2,flexible,15,15,0,0
22,128,15,1,48,4,1,flexible,15,15,0,0
22,128,15,1,54,1,3,flexible,15,15,0,0
22,128,15,1,64,6,0,flexible,15,15,0,0
22,128,15,1,72,3,2,flexible,15,15,0,0
22,128,15,1,81,0,4,flexible,15,15,0,0
22,128,15,1,96,5,1,flexible,15,15,0,0
22,128,15,1,108,2,3,flexible,15,15,0,0
22,128,15,1,128,7,0,forced,14,15,1,0
23,144,16,1,1,0,0,flexible,16,16,0,0
23,144,16,1,2,1,0,flexible,16,16,0,0
23,144,16,1,3,0,1,flexible,16,16,0,0
23,144,16,1,4,2,0,forced,15,16,1,0
23,144,16,1,6,1,1,flexible,16,16,0,0
23,144,16,1,8,3,0,flexible,16,16,0,0
23,144,16,1,9,0,2,flexible,16,16,0,0
23,144,16,1,12,2,1,flexible,16,16,0,0
23,144,16,1,16,4,0,flexible,16,16,0,0
23,144,16,1,18,1,2,forced,15,16,1,0
23,144,16,1,24,3,1,forced,15,16,1,0
23,144,16,1,27,0,3,flexible,16,16,0,0
23,144,16,1,32,5,0,flexible,16,16,0,0
23,144,16,1,36,2,2,flexible,16,16,0,0
23,144,16,1,48,4,1,flexible,16,16,0,0
23,144,16,1,54,1,3,flexible,16,16,0,0
23,144,16,1,64,6,0,flexible,16,16,0,0
23,144,16,1,72,3,2,flexible,16,16,0,0
23,144,16,1,81,0,4,forced,15,16,1,0
23,144,16,1,96,5,1,flexible,16,16,0,0
23,144,16,1,108,2,3,forced,15,16,1,0
23,144,16,1,128,7,0,forced,15,16,1,0
23,144,16,1,144,4,2,forced,15,16,1,0
24,162,17,1,1,0,0,forced,16,17,1,0
24,162,17,1,2,1,0,none,17,16,0,1
24,162,17,1,3,0,1,forced,16,17,1,0
24,162,17,1,4,2,0,forced,16,17,1,0
24,162,17,1,6,1,1,forced,16,17,1,0
24,162,17,1,8,3,0,forced,16,17,1,0
24,162,17,1,9,0,2,none,17,16,0,1
24,162,17,1,12,2,1,none,17,16,0,1
24,162,17,1,16,4,0,none,17,16,0,1
24,162,17,1,18,1,2,forced,16,17,1,0
24,162,17,1,24,3,1,forced,16,17,1,0
24,162,17,1,27,0,3,forced,16,17,1,0
24,162,17,1,32,5,0,forced,16,17,1,0
24,162,17,1,36,2,2,forced,16,17,1,0
24,162,17,1,48,4,1,forced,16,17,1,0
24,162,17,1,54,1,3,none,17,16,0,1
24,162,17,1,64,6,0,forced,16,17,1,0
24,162,17,1,72,3,2,none,17,16,0,1
24,162,17,1,81,0,4,forced,16,17,1,0
24,162,17,1,96,5,1,none,17,16,0,1
24,162,17,1,108,2,3,forced,16,17,1,0
24,162,17,1,128,7,0,forced,16,17,1,0
24,162,17,1,144,4,2,forced,16,17,1,0
24,162,17,1,162,1,4,forced,16,17,1,0
25,192,17,0,1,0,0,flexible,17,17,0,0
25,192,17,0,2,1,0,flexible,17,17,0,0
25,192,17,0,3,0,1,flexible,17,17,0,0
25,192,17,0,4,2,0,flexible,17,17,0,0
25,192,17,0,6,1,1,flexible,17,17,0,0
25,192,17,0,8,3,0,flexible,17,17,0,0
25,192,17,0,9,0,2,flexible,17,17,0,0
25,192,17,0,12,2,1,flexible,17,17,0,0
25,192,17,0,16,4,0,flexible,17,17,0,0
25,192,17,0,18,1,2,flexible,17,17,0,0
25,192,17,0,24,3,1,flexible,17,17,0,0
25,192,17,0,27,0,3,flexible,17,17,0,0
25,192,17,0,32,5,0,forced,16,17,1,0
25,192,17,0,36,2,2,flexible,17,17,0,0
25,192,17,0,48,4,1,flexible,17,17,0,0
25,192,17,0,54,1,3,flexible,17,17,0,0
25,192,17,0,64,6,0,flexible,17,17,0,0
25,192,17,0,72,3,2,flexible,17,17,0,0
25,192,17,0,81,0,4,flexible,17,17,0,0
25,192,17,0,96,5,1,flexible,17,17,0,0
25,192,17,0,108,2,3,flexible,17,17,0,0
25,192,17,0,128,7,0,flexible,17,17,0,0
25,192,17,0,144,4,2,flexible,17,17,0,0
25,192,17,0,162,1,4,flexible,17,17,0,0
25,192,17,0,192,6,1,flexible,17,17,0,0
26,216,18,1,1,0,0,forced,17,18,1,0
26,216,18,1,2,1,0,flexible,18,18,0,0
26,216,18,1,3,0,1,flexible,18,18,0,0
26,216,18,1,4,2,0,flexible,18,18,0,0
26,216,18,1,6,1,1,forced,17,18,1,0
26,216,18,1,8,3,0,flexible,18,18,0,0
26,216,18,1,9,0,2,flexible,18,18,0,0
26,216,18,1,12,2,1,flexible,18,18,0,0
26,216,18,1,16,4,0,flexible,18,18,0,0
26,216,18,1,18,1,2,flexible,18,18,0,0
26,216,18,1,24,3,1,flexible,18,18,0,0
26,216,18,1,27,0,3,forced,17,18,1,0
26,216,18,1,32,5,0,forced,17,18,1,0
26,216,18,1,36,2,2,forced,17,18,1,0
26,216,18,1,48,4,1,flexible,18,18,0,0
26,216,18,1,54,1,3,none,18,17,0,1
26,216,18,1,64,6,0,flexible,18,18,0,0
26,216,18,1,72,3,2,none,18,17,0,1
26,216,18,1,81,0,4,forced,17,18,1,0
26,216,18,1,96,5,1,flexible,18,18,0,0
26,216,18,1,108,2,3,forced,17,18,1,0
26,216,18,1,128,7,0,flexible,18,18,0,0
26,216,18,1,144,4,2,flexible,18,18,0,0
26,216,18,1,162,1,4,forced,17,18,1,0
26,216,18,1,192,6,1,flexible,18,18,0,0
26,216,18,1,216,3,3,forced,17,18,1,0
27,243,18,0,1,0,0,flexible,18,18,0,0
27,243,18,0,2,1,0,flexible,18,18,0,0
27,243,18,0,3,0,1,flexible,18,18,0,0
27,243,18,0,4,2,0,flexible,18,18,0,0
27,243,18,0,6,1,1,flexible,18,18,0,0
27,243,18,0,8,3,0,flexible,18,18,0,0
27,243,18,0,9,0,2,flexible,18,18,0,0
27,243,18,0,12,2,1,flexible,18,18,0,0
27,243,18,0,16,4,0,flexible,18,18,0,0
27,243,18,0,18,1,2,flexible,18,18,0,0
27,243,18,0,24,3,1,flexible,18,18,0,0
27,243,18,0,27,0,3,flexible,18,18,0,0
27,243,18,0,32,5,0,flexible,18,18,0,0
27,243,18,0,36,2,2,flexible,18,18,0,0
27,243,18,0,48,4,1,flexible,18,18,0,0
27,243,18,0,54,1,3,flexible,18,18,0,0
27,243,18,0,64,6,0,flexible,18,18,0,0
27,243,18,0,72,3,2,flexible,18,18,0,0
27,243,18,0,81,0,4,flexible,18,18,0,0
27,243,18,0,96,5,1,flexible,18,18,0,0
27,243,18,0,108,2,3,flexible,18,18,0,0
27,243,18,0,128,7,0,flexible,18,18,0,0
27,243,18,0,144,4,2,flexible,18,18,0,0
27,243,18,0,162,1,4,flexible,18,18,0,0
27,243,18,0,192,6,1,flexible,18,18,0,0
27,243,18,0,216,3,3,flexible,18,18,0,0
27,243,18,0,243,0,5,flexible,18,18,0,0
28,256,19,1,1,0,0,flexible,19,19,0,0
28,256,19,1,2,1,0,flexible,19,19,0,0
28,256,19,1,3,0,1,flexible,19,19,0,0
28,256,19,1,4,2,0,flexible,19,19,0,0
28,256,19,1,6,1,1,flexible,19,19,0,0
28,256,19,1,8,3,0,flexible,19,19,0,0
28,256,19,1,9,0,2,flexible,19,19,0,0
28,256,19,1,12,2,1,flexible,19,19,0,0
28,256,19,1,16,4,0,flexible,19,19,0,0
28,256,19,1,18,1,2,flexible,19,19,0,0
28,256,19,1,24,3,1,flexible,19,19,0,0
28,256,19,1,27,0,3,flexible,19,19,0,0
28,256,19,1,32,5,0,flexible,19,19,0,0
28,256,19,1,36,2,2,flexible,19,19,0,0
28,256,19,1,48,4,1,flexible,19,19,0,0
28,256,19,1,54,1,3,flexible,19,19,0,0
28,256,19,1,64,6,0,flexible,19,19,0,0
28,256,19,1,72,3,2,flexible,19,19,0,0
28,256,19,1,81,0,4,flexible,19,19,0,0
28,256,19,1,96,5,1,flexible,19,19,0,0
28,256,19,1,108,2,3,flexible,19,19,0,0
28,256,19,1,128,7,0,flexible,19,19,0,0
28,256,19,1,144,4,2,flexible,19,19,0,0
28,256,19,1,162,1,4,flexible,19,19,0,0
28,256,19,1,192,6,1,flexible,19,19,0,0
28,256,19,1,216,3,3,flexible,19,19,0,0
28,256,19,1,243,0,5,flexible,19,19,0,0
28,256,19,1,256,8,0,forced,18,19,1,0
29,288,20,1,1,0,0,forced,19,20,1,0
29,288,20,1,2,1,0,flexible,20,20,0,0
29,288,20,1,3,0,1,flexible,20,20,0,0
29,288,20,1,4,2,0,flexible,20,20,0,0
29,288,20,1,6,1,1,forced,19,20,1,0
29,288,20,1,8,3,0,forced,19,20,1,0
29,288,20,1,9,0,2,flexible,20,20,0,0
29,288,20,1,12,2,1,flexible,20,20,0,0
29,288,20,1,16,4,0,flexible,20,20,0,0
29,288,20,1,18,1,2,flexible,20,20,0,0
29,288,20,1,24,3,1,flexible,20,20,0,0
29,288,20,1,27,0,3,forced,19,20,1,0
29,288,20,1,32,5,0,flexible,20,20,0,0
29,288,20,1,36,2,2,forced,19,20,1,0
29,288,20,1,48,4,1,forced,19,20,1,0
29,288,20,1,54,1,3,flexible,20,20,0,0
29,288,20,1,64,6,0,flexible,20,20,0,0
29,288,20,1,72,3,2,flexible,20,20,0,0
29,288,20,1,81,0,4,flexible,20,20,0,0
29,288,20,1,96,5,1,flexible,20,20,0,0
29,288,20,1,108,2,3,flexible,20,20,0,0
29,288,20,1,128,7,0,flexible,20,20,0,0
29,288,20,1,144,4,2,flexible,20,20,0,0
29,288,20,1,162,1,4,flexible,20,20,0,0
29,288,20,1,192,6,1,flexible,20,20,0,0
29,288,20,1,216,3,3,forced,19,20,1,0
29,288,20,1,243,0,5,flexible,20,20,0,0
29,288,20,1,256,8,0,forced,19,20,1,0
29,288,20,1,288,5,2,forced,19,20,1,0
30,324,21,1,1,0,0,forced,20,21,1,0
30,324,21,1,2,1,0,forced,20,21,1,0
30,324,21,1,3,0,1,none,21,20,0,1
30,324,21,1,4,2,0,none,21,20,0,1
30,324,21,1,6,1,1,forced,20,21,1,0
30,324,21,1,8,3,0,forced,20,21,1,0
30,324,21,1,9,0,2,forced,20,21,1,0
30,324,21,1,12,2,1,forced,20,21,1,0
30,324,21,1,16,4,0,forced,20,21,1,0
30,324,21,1,18,1,2,none,21,20,0,1
30,324,21,1,24,3,1,none,21,20,0,1
30,324,21,1,27,0,3,forced,20,21,1,0
30,324,21,1,32,5,0,none,21,20,0,1
30,324,21,1,36,2,2,forced,20,21,1,0
30,324,21,1,48,4,1,forced,20,21,1,0
30,324,21,1,54,1,3,forced,20,21,1,0
30,324,21,1,64,6,0,forced,20,21,1,0
30,324,21,1,72,3,2,forced,20,21,1,0
30,324,21,1,81,0,4,none,21,20,0,1
30,324,21,1,96,5,1,forced,20,21,1,0
30,324,21,1,108,2,3,none,21,20,0,1
30,324,21,1,128,7,0,forced,20,21,1,0
30,324,21,1,144,4,2,none,21,20,0,1
30,324,21,1,162,1,4,forced,20,21,1,0
30,324,21,1,192,6,1,none,21,20,0,1
30,324,21,1,216,3,3,forced,20,21,1,0
30,324,21,1,243,0,5,forced,20,21,1,0
30,324,21,1,256,8,0,forced,20,21,1,0
30,324,21,1,288,5,2,forced,20,21,1,0
30,324,21,1,324,2,4,forced,20,21,1,0
31,384,21,0,1,0,0,flexible,21,21,0,0
31,384,21,0,2,1,0,flexible,21,21,0,0
31,384,21,0,3,0,1,flexible,21,21,0,0
31,384,21,0,4,2,0,flexible,21,21,0,0
31,384,21,0,6,1,1,flexible,21,21,0,0
31,384,21,0,8,3,0,flexible,21,21,0,0
31,384,21,0,9,0,2,flexible,21,21,0,0
31,384,21,0,12,2,1,flexible,21,21,0,0
31,384,21,0,16,4,0,flexible,21,21,0,0
31,384,21,0,18,1,2,flexible,21,21,0,0
31,384,21,0,24,3,1,flexible,21,21,0,0
31,384,21,0,27,0,3,flexible,21,21,0,0
31,384,21,0,32,5,0,flexible,21,21,0,0
31,384,21,0,36,2,2,flexible,21,21,0,0
31,384,21,0,48,4,1,flexible,21,21,0,0
31,384,21,0,54,1,3,flexible,21,21,0,0
31,384,21,0,64,6,0,forced,20,21,1,0
31,384,21,0,72,3,2,flexible,21,21,0,0
31,384,21,0,81,0,4,flexible,21,21,0,0
31,384,21,0,96,5,1,flexible,21,21,0,0
31,384,21,0,108,2,3,flexible,21,21,0,0
31,384,21,0,128,7,0,flexible,21,21,0,0
31,384,21,0,144,4,2,flexible,21,21,0,0
31,384,21,0,162,1,4,flexible,21,21,0,0
31,384,21,0,192,6,1,flexible,21,21,0,0
31,384,21,0,216,3,3,flexible,21,21,0,0
31,384,21,0,243,0,5,flexible,21,21,0,0
31,384,21,0,256,8,0,flexible,21,21,0,0
31,384,21,0,288,5,2,flexible,21,21,0,0
31,384,21,0,324,2,4,flexible,21,21,0,0
31,384,21,0,384,7,1,flexible,21,21,0,0
32,432,22,1,1,0,0,forced,21,22,1,0
32,432,22,1,2,1,0,forced,21,22,1,0
32,432,22,1,3,0,1,none,22,21,0,1
32,432,22,1,4,2,0,none,22,21,0,1
32,432,22,1,6,1,1,forced,21,22,1,0
32,432,22,1,8,3,0,forced,21,22,1,0
32,432,22,1,9,0,2,forced,21,22,1,0
32,432,22,1,12,2,1,forced,21,22,1,0
32,432,22,1,16,4,0,flexible,22,22,0,0
32,432,22,1,18,1,2,none,22,21,0,1
32,432,22,1,24,3,1,none,22,21,0,1
32,432,22,1,27,0,3,forced,21,22,1,0
32,432,22,1,32,5,0,flexible,22,22,0,0
32,432,22,1,36,2,2,forced,21,22,1,0
32,432,22,1,48,4,1,flexible,22,22,0,0
32,432,22,1,54,1,3,forced,21,22,1,0
32,432,22,1,64,6,0,forced,21,22,1,0
32,432,22,1,72,3,2,forced,21,22,1,0
32,432,22,1,81,0,4,none,22,21,0,1
32,432,22,1,96,5,1,flexible,22,22,0,0
32,432,22,1,108,2,3,none,22,21,0,1
32,432,22,1,128,7,0,flexible,22,22,0,0
32,432,22,1,144,4,2,none,22,21,0,1
32,432,22,1,162,1,4,forced,21,22,1,0
32,432,22,1,192,6,1,flexible,22,22,0,0
32,432,22,1,216,3,3,forced,21,22,1,0
32,432,22,1,243,0,5,forced,21,22,1,0
32,432,22,1,256,8,0,flexible,22,22,0,0
32,432,22,1,288,5,2,flexible,22,22,0,0
32,432,22,1,324,2,4,forced,21,22,1,0
32,432,22,1,384,7,1,flexible,22,22,0,0
32,432,22,1,432,4,3,forced,21,22,1,0
33,486,22,0,1,0,0,flexible,22,22,0,0
33,486,22,0,2,1,0,flexible,22,22,0,0
33,486,22,0,3,0,1,flexible,22,22,0,0
33,486,22,0,4,2,0,flexible,22,22,0,0
33,486,22,0,6,1,1,flexible,22,22,0,0
33,486,22,0,8,3,0,flexible,22,22,0,0
33,486,22,0,9,0,2,flexible,22,22,0,0
33,486,22,0,12,2,1,flexible,22,22,0,0
33,486,22,0,16,4,0,flexible,22,22,0,0
33,486,22,0,18,1,2,flexible,22,22,0,0
33,486,22,0,24,3,1,flexible,22,22,0,0
33,486,22,0,27,0,3,flexible,22,22,0,0
33,486,22,0,32,5,0,flexible,22,22,0,0
33,486,22,0,36,2,2,flexible,22,22,0,0
33,486,22,0,48,4,1,flexible,22,22,0,0
33,486,22,0,54,1,3,flexible,22,22,0,0
33,486,22,0,64,6,0,flexible,22,22,0,0
33,486,22,0,72,3,2,flexible,22,22,0,0
33,486,22,0,81,0,4,flexible,22,22,0,0
33,486,22,0,96,5,1,flexible,22,22,0,0
33,486,22,0,108,2,3,flexible,22,22,0,0
33,486,22,0,128,7,0,flexible,22,22,0,0
33,486,22,0,144,4,2,flexible,22,22,0,0
33,486,22,0,162,1,4,flexible,22,22,0,0
33,486,22,0,192,6,1,flexible,22,22,0,0
33,486,22,0,216,3,3,flexible,22,22,0,0
33,486,22,0,243,0,5,flexible,22,22,0,0
33,486,22,0,256,8,0,flexible,22,22,0,0
33,486,22,0,288,5,2,flexible,22,22,0,0
33,486,22,0,324,2,4,flexible,22,22,0,0
33,486,22,0,384,7,1,flexible,22,22,0,0
33,486,22,0,432,4,3,flexible,22,22,0,0
33,486,22,0,486,1,5,flexible,22,22,0,0
34,512,23,1,1,0,0,flexible,23,23,0,0
34,512,23,1,2,1,0,flexible,23,23,0,0
34,512,23,1,3,0,1,flexible,23,23,0,0
34,512,23,1,4,2,0,flexible,23,23,0,0
34,512,23,1,6,1,1,flexible,23,23,0,0
34,512,23,1,8,3,0,flexible,23,23,0,0
34,512,23,1,9,0,2,flexible,23,23,0,0
34,512,23,1,12,2,1,flexible,23,23,0,0
34,512,23,1,16,4,0,flexible,23,23,0,0
34,512,23,1,18,1,2,flexible,23,23,0,0
34,512,23,1,24,3,1,flexible,23,23,0,0
34,512,23,1,27,0,3,flexible,23,23,0,0
34,512,23,1,32,5,0,flexible,23,23,0,0
34,512,23,1,36,2,2,flexible,23,23,0,0
34,512,23,1,48,4,1,flexible,23,23,0,0
34,512,23,1,54,1,3,flexible,23,23,0,0
34,512,23,1,64,6,0,flexible,23,23,0,0
34,512,23,1,72,3,2,flexible,23,23,0,0
34,512,23,1,81,0,4,flexible,23,23,0,0
34,512,23,1,96,5,1,flexible,23,23,0,0
34,512,23,1,108,2,3,flexible,23,23,0,0
34,512,23,1,128,7,0,flexible,23,23,0,0
34,512,23,1,144,4,2,flexible,23,23,0,0
34,512,23,1,162,1,4,flexible,23,23,0,0
34,512,23,1,192,6,1,flexible,23,23,0,0
34,512,23,1,216,3,3,flexible,23,23,0,0
34,512,23,1,243,0,5,flexible,23,23,0,0
34,512,23,1,256,8,0,flexible,23,23,0,0
34,512,23,1,288,5,2,flexible,23,23,0,0
34,512,23,1,324,2,4,flexible,23,23,0,0
34,512,23,1,384,7,1,flexible,23,23,0,0
34,512,23,1,432,4,3,flexible,23,23,0,0
34,512,23,1,486,1,5,flexible,23,23,0,0
34,512,23,1,512,9,0,forced,22,23,1,0
35,576,24,1,1,0,0,flexible,24,24,0,0
35,576,24,1,2,1,0,flexible,24,24,0,0
35,576,24,1,3,0,1,flexible,24,24,0,0
35,576,24,1,4,2,0,flexible,24,24,0,0
35,576,24,1,6,1,1,flexible,24,24,0,0
35,576,24,1,8,3,0,flexible,24,24,0,0
35,576,24,1,9,0,2,flexible,24,24,0,0
35,576,24,1,12,2,1,flexible,24,24,0,0
35,576,24,1,16,4,0,forced,23,24,1,0
35,576,24,1,18,1,2,flexible,24,24,0,0
35,576,24,1,24,3,1,flexible,24,24,0,0
35,576,24,1,27,0,3,flexible,24,24,0,0
35,576,24,1,32,5,0,flexible,24,24,0,0
35,576,24,1,36,2,2,flexible,24,24,0,0
35,576,24,1,48,4,1,flexible,24,24,0,0
35,576,24,1,54,1,3,flexible,24,24,0,0
35,576,24,1,64,6,0,flexible,24,24,0,0
35,576,24,1,72,3,2,forced,23,24,1,0
35,576,24,1,81,0,4,flexible,24,24,0,0
35,576,24,1,96,5,1,forced,23,24,1,0
35,576,24,1,108,2,3,flexible,24,24,0,0
35,576,24,1,128,7,0,flexible,24,24,0,0
35,576,24,1,144,4,2,flexible,24,24,0,0
35,576,24,1,162,1,4,flexible,24,24,0,0
35,576,24,1,192,6,1,flexible,24,24,0,0
35,576,24,1,216,3,3,flexible,24,24,0,0
35,576,24,1,243,0,5,forced,23,24,1,0
35,576,24,1,256,8,0,flexible,24,24,0,0
35,576,24,1,288,5,2,flexible,24,24,0,0
35,576,24,1,324,2,4,flexible,24,24,0,0
35,576,24,1,384,7,1,flexible,24,24,0,0
35,576,24,1,432,4,3,forced,23,24,1,0
35,576,24,1,486,1,5,flexible,24,24,0,0
35,576,24,1,512,9,0,forced,23,24,1,0
35,576,24,1,576,6,2,forced,23,24,1,0
36,648,25,1,1,0,0,flexible,25,25,0,0
36,648,25,1,2,1,0,flexible,25,25,0,0
36,648,25,1,3,0,1,flexible,25,25,0,0
36,648,25,1,4,2,0,forced,24,25,1,0
36,648,25,1,6,1,1,none,25,24,0,1
36,648,25,1,8,3,0,none,25,24,0,1
36,648,25,1,9,0,2,forced,24,25,1,0
36,648,25,1,12,2,1,forced,24,25,1,0
36,648,25,1,16,4,0,forced,24,25,1,0
36,648,25,1,18,1,2,forced,24,25,1,0
36,648,25,1,24,3,1,forced,24,25,1,0
36,648,25,1,27,0,3,none,25,24,0,1
36,648,25,1,32,5,0,forced,24,25,1,0
36,648,25,1,36,2,2,none,25,24,0,1
36,648,25,1,48,4,1,none,25,24,0,1
36,648,25,1,54,1,3,forced,24,25,1,0
36,648,25,1,64,6,0,none,25,24,0,1
36,648,25,1,72,3,2,forced,24,25,1,0
36,648,25,1,81,0,4,forced,24,25,1,0
36,648,25,1,96,5,1,forced,24,25,1,0
36,648,25,1,108,2,3,forced,24,25,1,0
36,648,25,1,128,7,0,forced,24,25,1,0
36,648,25,1,144,4,2,forced,24,25,1,0
36,648,25,1,162,1,4,none,25,24,0,1
36,648,25,1,192,6,1,forced,24,25,1,0
36,648,25,1,216,3,3,none,25,24,0,1
36,648,25,1,243,0,5,forced,24,25,1,0
36,648,25,1,256,8,0,forced,24,25,1,0
36,648,25,1,288,5,2,none,25,24,0,1
36,648,25,1,324,2,4,forced,24,25,1,0
36,648,25,1,384,7,1,none,25,24,0,1
36,648,25,1,432,4,3,forced,24,25,1,0
36,648,25,1,486,1,5,forced,24,25,1,0
36,648,25,1,512,9,0,forced,24,25,1,0
36,648,25,1,576,6,2,forced,24,25,1,0
36,648,25,1,648,3,4,forced,24,25,1,0
37,729,25,0,1,0,0,flexible,25,25,0,0
37,729,25,0,2,1,0,flexible,25,25,0,0
37,729,25,0,3,0,1,flexible,25,25,0,0
37,729,25,0,4,2,0,flexible,25,25,0,0
37,729,25,0,6,1,1,flexible,25,25,0,0
37,729,25,0,8,3,0,flexible,25,25,0,0
37,729,25,0,9,0,2,flexible,25,25,0,0
37,729,25,0,12,2,1,flexible,25,25,0,0
37,729,25,0,16,4,0,flexible,25,25,0,0
37,729,25,0,18,1,2,flexible,25,25,0,0
37,729,25,0,24,3,1,flexible,25,25,0,0
37,729,25,0,27,0,3,flexible,25,25,0,0
37,729,25,0,32,5,0,flexible,25,25,0,0
37,729,25,0,36,2,2,flexible,25,25,0,0
37,729,25,0,48,4,1,flexible,25,25,0,0
37,729,25,0,54,1,3,flexible,25,25,0,0
37,729,25,0,64,6,0,flexible,25,25,0,0
37,729,25,0,72,3,2,flexible,25,25,0,0
37,729,25,0,81,0,4,flexible,25,25,0,0
37,729,25,0,96,5,1,flexible,25,25,0,0
37,729,25,0,108,2,3,flexible,25,25,0,0
37,729,25,0,128,7,0,flexible,25,25,0,0
37,729,25,0,144,4,2,flexible,25,25,0,0
37,729,25,0,162,1,4,flexible,25,25,0,0
37,729,25,0,192,6,1,flexible,25,25,0,0
37,729,25,0,216,3,3,flexible,25,25,0,0
37,729,25,0,243,0,5,flexible,25,25,0,0
37,729,25,0,256,8,0,flexible,25,25,0,0
37,729,25,0,288,5,2,flexible,25,25,0,0
37,729,25,0,324,2,4,flexible,25,25,0,0
37,729,25,0,384,7,1,flexible,25,25,0,0
37,729,25,0,432,4,3,flexible,25,25,0,0
37,729,25,0,486,1,5,flexible,25,25,0,0
37,729,25,0,512,9,0,forced,24,25,1,0
37,729,25,0,576,6,2,flexible,25,25,0,0
37,729,25,0,648,3,4,flexible,25,25,0,0
37,729,25,0,729,0,6,flexible,25,25,0,0
38,768,26,1,1,0,0,forced,25,26,1,0
38,768,26,1,2,1,0,flexible,26,26,0,0
38,768,26,1,3,0,1,flexible,26,26,0,0
38,768,26,1,4,2,0,flexible,26,26,0,0
38,768,26,1,6,1,1,forced,25,26,1,0
38,768,26,1,8,3,0,forced,25,26,1,0
38,768,26,1,9,0,2,flexible,26,26,0,0
38,768,26,1,12,2,1,flexible,26,26,0,0
38,768,26,1,16,4,0,flexible,26,26,0,0
38,768,26,1,18,1,2,flexible,26,26,0,0
38,768,26,1,24,3,1,flexible,26,26,0,0
38,768,26,1,27,0,3,forced,25,26,1,0
38,768,26,1,32,5,0,flexible,26,26,0,0
38,768,26,1,36,2,2,forced,25,26,1,0
38,768,26,1,48,4,1,forced,25,26,1,0
38,768,26,1,54,1,3,flexible,26,26,0,0
38,768,26,1,64,6,0,forced,25,26,1,0
38,768,26,1,72,3,2,flexible,26,26,0,0
38,768,26,1,81,0,4,flexible,26,26,0,0
38,768,26,1,96,5,1,flexible,26,26,0,0
38,768,26,1,108,2,3,flexible,26,26,0,0
38,768,26,1,128,7,0,forced,25,26,1,0
38,768,26,1,144,4,2,flexible,26,26,0,0
38,768,26,1,162,1,4,forced,25,26,1,0
38,768,26,1,192,6,1,none,26,25,0,1
38,768,26,1,216,3,3,flexible,26,26,0,0
38,768,26,1,243,0,5,flexible,26,26,0,0
38,768,26,1,256,8,0,none,26,25,0,1
38,768,26,1,288,5,2,forced,25,26,1,0
38,768,26,1,324,2,4,flexible,26,26,0,0
38,768,26,1,384,7,1,forced,25,26,1,0
38,768,26,1,432,4,3,flexible,26,26,0,0
38,768,26,1,486,1,5,flexible,26,26,0,0
38,768,26,1,512,9,0,forced,25,26,1,0
38,768,26,1,576,6,2,forced,25,26,1,0
38,768,26,1,648,3,4,flexible,26,26,0,0
38,768,26,1,729,0,6,forced,25,26,1,0
38,768,26,1,768,8,1,forced,25,26,1,0
39,864,26,0,1,0,0,flexible,26,26,0,0
39,864,26,0,2,1,0,flexible,26,26,0,0
39,864,26,0,3,0,1,flexible,26,26,0,0
39,864,26,0,4,2,0,flexible,26,26,0,0
39,864,26,0,6,1,1,flexible,26,26,0,0
39,864,26,0,8,3,0,flexible,26,26,0,0
39,864,26,0,9,0,2,flexible,26,26,0,0
39,864,26,0,12,2,1,flexible,26,26,0,0
39,864,26,0,16,4,0,flexible,26,26,0,0
39,864,26,0,18,1,2,flexible,26,26,0,0
39,864,26,0,24,3,1,flexible,26,26,0,0
39,864,26,0,27,0,3,flexible,26,26,0,0
39,864,26,0,32,5,0,flexible,26,26,0,0
39,864,26,0,36,2,2,flexible,26,26,0,0
39,864,26,0,48,4,1,flexible,26,26,0,0
39,864,26,0,54,1,3,flexible,26,26,0,0
39,864,26,0,64,6,0,flexible,26,26,0,0
39,864,26,0,72,3,2,flexible,26,26,0,0
39,864,26,0,81,0,4,flexible,26,26,0,0
39,864,26,0,96,5,1,flexible,26,26,0,0
39,864,26,0,108,2,3,flexible,26,26,0,0
39,864,26,0,128,7,0,flexible,26,26,0,0
39,864,26,0,144,4,2,flexible,26,26,0,0
39,864,26,0,162,1,4,flexible,26,26,0,0
39,864,26,0,192,6,1,flexible,26,26,0,0
39,864,26,0,216,3,3,flexible,26,26,0,0
39,864,26,0,243,0,5,flexible,26,26,0,0
39,864,26,0,256,8,0,flexible,26,26,0,0
39,864,26,0,288,5,2,flexible,26,26,0,0
39,864,26,0,324,2,4,flexible,26,26,0,0
39,864,26,0,384,7,1,flexible,26,26,0,0
39,864,26,0,432,4,3,flexible,26,26,0,0
39,864,26,0,486,1,5,flexible,26,26,0,0
39,864,26,0,512,9,0,flexible,26,26,0,0
39,864,26,0,576,6,2,flexible,26,26,0,0
39,864,26,0,648,3,4,flexible,26,26,0,0
39,864,26,0,729,0,6,flexible,26,26,0,0
39,864,26,0,768,8,1,flexible,26,26,0,0
39,864,26,0,864,5,3,flexible,26,26,0,0
40,972,27,1,1,0,0,forced,26,27,1,0
40,972,27,1,2,1,0,flexible,27,27,0,0
40,972,27,1,3,0,1,flexible,27,27,0,0
40,972,27,1,4,2,0,flexible,27,27,0,0
40,972,27,1,6,1,1,forced,26,27,1,0
40,972,27,1,8,3,0,forced,26,27,1,0
40,972,27,1,9,0,2,flexible,27,27,0,0
40,972,27,1,12,2,1,flexible,27,27,0,0
40,972,27,1,16,4,0,flexible,27,27,0,0
40,972,27,1,18,1,2,flexible,27,27,0,0
40,972,27,1,24,3,1,flexible,27,27,0,0
40,972,27,1,27,0,3,forced,26,27,1,0
40,972,27,1,32,5,0,flexible,27,27,0,0
40,972,27,1,36,2,2,forced,26,27,1,0
40,972,27,1,48,4,1,forced,26,27,1,0
40,972,27,1,54,1,3,flexible,27,27,0,0
40,972,27,1,64,6,0,flexible,27,27,0,0
40,972,27,1,72,3,2,flexible,27,27,0,0
40,972,27,1,81,0,4,flexible,27,27,0,0
40,972,27,1,96,5,1,flexible,27,27,0,0
40,972,27,1,108,2,3,flexible,27,27,0,0
40,972,27,1,128,7,0,flexible,27,27,0,0
40,972,27,1,144,4,2,flexible,27,27,0,0
40,972,27,1,162,1,4,forced,26,27,1,0
40,972,27,1,192,6,1,flexible,27,27,0,0
40,972,27,1,216,3,3,flexible,27,27,0,0
40,972,27,1,243,0,5,flexible,27,27,0,0
40,972,27,1,256,8,0,flexible,27,27,0,0
40,972,27,1,288,5,2,flexible,27,27,0,0
40,972,27,1,324,2,4,flexible,27,27,0,0
40,972,27,1,384,7,1,forced,26,27,1,0
40,972,27,1,432,4,3,flexible,27,27,0,0
40,972,27,1,486,1,5,flexible,27,27,0,0
40,972,27,1,512,9,0,flexible,27,27,0,0
40,972,27,1,576,6,2,flexible,27,27,0,0
40,972,27,1,648,3,4,flexible,27,27,0,0
40,972,27,1,729,0,6,forced,26,27,1,0
40,972,27,1,768,8,1,flexible,27,27,0,0
40,972,27,1,864,5,3,flexible,27,27,0,0
40,972,27,1,972,2,5,forced,26,27,1,0
