t,a,b,points,c_0,c_1,c_2,g_cand,predicted_E,m,g_pred,predicted_jump_delta
1,0,0,1,0,0,0,1,0,-4,1,1
2,1,0,2,0,0,0,2,0,-3,2,1
3,0,1,3,1,1,1,2,0,-3,2,0
4,2,0,4,1,1,1,3,0,-2,3,1
6,1,1,5,2,1,2,4,0,-2,4,1
8,3,0,6,2,1,2,5,0,-1,5,1
9,0,2,7,2,2,2,5,0,-1,5,0
12,2,1,8,3,3,2,6,0,-1,6,1
16,4,0,9,3,3,2,7,0,0,7,1
18,1,2,10,3,3,3,7,0,0,7,0
24,3,1,11,3,4,4,8,0,0,8,1
27,0,3,12,4,4,4,8,0,0,8,0
32,5,0,13,4,4,4,9,0,1,9,1
36,2,2,14,5,4,4,10,0,1,10,1
48,4,1,15,6,4,5,11,0,1,11,1
54,1,3,16,6,5,5,11,0,1,11,0
64,6,0,17,6,5,5,12,0,2,12,1
72,3,2,18,6,6,5,13,0,2,13,1
81,0,4,19,6,6,6,13,0,2,13,0
96,5,1,20,7,7,6,14,0,2,14,1
108,2,3,21,7,7,7,14,0,2,14,0
128,7,0,22,7,7,7,15,0,3,15,1
144,4,2,23,7,7,8,16,0,3,16,1
162,1,4,24,8,7,8,17,0,3,17,1
192,6,1,25,8,8,9,17,0,3,17,0
216,3,3,26,9,8,9,18,0,3,18,1
243,0,5,27,9,9,9,18,0,3,18,0
256,8,0,28,9,9,9,19,0,4,19,1
288,5,2,29,10,9,9,20,0,4,20,1
324,2,4,30,10,10,9,21,0,4,21,1
384,7,1,31,11,10,10,21,0,4,21,0
432,4,3,32,11,11,10,22,0,4,22,1
486,1,5,33,11,11,11,22,0,4,22,0
512,9,0,34,11,11,11,23,0,5,23,1
576,6,2,35,11,12,11,24,0,5,24,1
648,3,4,36,11,12,12,25,0,5,25,1
729,0,6,37,12,12,12,25,0,5,25,0
768,8,1,38,13,13,12,26,0,5,26,1
864,5,3,39,13,13,13,26,0,5,26,0
972,2,5,40,14,13,13,27,0,5,27,1
1024,10,0,41,14,13,13,28,0,6,28,1
1152,7,2,42,14,13,14,29,0,6,29,1
1296,4,4,43,15,13,14,30,0,6,30,1
1458,1,6,44,15,14,14,30,0,6,30,0
1536,9,1,45,15,15,15,30,1,6,31,1
1728,6,3,46,16,15,15,31,0,6,31,0
1944,3,5,47,16,16,15,32,0,6,32,1
2048,11,0,48,16,16,15,33,0,7,33,1
2187,0,7,49,16,16,16,33,0,7,33,0
2304,8,2,50,17,16,16,34,0,7,34,1
2592,5,4,51,17,17,16,35,0,7,35,1
2916,2,6,52,17,17,17,35,0,7,35,0
3072,10,1,53,18,17,18,36,0,7,36,1
3456,7,3,54,18,18,18,36,0,7,36,0
3888,4,5,55,18,18,19,37,0,7,37,1
4096,12,0,56,18,18,19,38,0,8,38,1
4374,1,7,57,19,18,19,39,0,8,39,1
4608,9,2,58,19,19,19,39,0,8,39,0
5184,6,4,59,19,19,20,40,0,8,40,1
5832,3,6,60,20,19,20,41,0,8,41,1
6144,11,1,61,21,20,20,41,1,8,42,1
6561,0,8,62,21,21,20,42,0,8,42,0
6912,8,3,63,21,21,21,42,0,8,42,0
7776,5,5,64,22,21,21,43,0,8,43,1
8192,13,0,65,22,21,21,44,0,9,44,1
8748,2,7,66,22,22,21,45,0,9,45,1
9216,10,2,67,22,22,22,45,0,9,45,0
10368,7,4,68,23,22,22,46,0,9,46,1
11664,4,6,69,23,23,22,47,0,9,47,1
12288,12,1,70,23,24,23,47,1,9,48,1
13122,1,8,71,23,24,24,48,0,9,48,0
13824,9,3,72,24,24,24,48,0,9,48,0
15552,6,5,73,24,25,24,49,0,9,49,1
16384,14,0,74,24,25,24,50,0,10,50,1
17496,3,7,75,24,25,25,51,0,10,51,1
18432,11,2,76,25,25,25,51,0,10,51,0
19683,0,9,77,26,25,25,52,0,10,52,1
20736,8,4,78,26,26,25,53,0,10,53,1
23328,5,6,79,26,26,26,53,0,10,53,0
24576,13,1,80,27,26,27,54,0,10,54,1
26244,2,8,81,28,26,27,55,0,10,55,1
27648,10,3,82,28,27,27,55,0,10,55,0
31104,7,5,83,28,27,28,56,0,10,56,1
32768,15,0,84,28,27,28,57,0,11,57,1
34992,4,7,85,29,27,28,58,0,11,58,1
36864,12,2,86,29,28,28,58,0,11,58,0
39366,1,9,87,29,29,28,59,0,11,59,1
41472,9,4,88,29,29,29,59,0,11,59,0
46656,6,6,89,30,29,29,60,0,11,60,1
49152,14,1,90,31,30,29,61,0,11,61,1
52488,3,8,91,31,31,29,62,0,11,62,1
55296,11,3,92,31,31,30,62,0,11,62,0
59049,0,10,93,31,31,31,62,0,11,62,0
62208,8,5,94,32,31,31,63,0,11,63,1
65536,16,0,95,32,31,31,64,0,12,64,1
69984,5,7,96,32,32,31,65,0,12,65,1
73728,13,2,97,32,32,32,65,0,12,65,0
78732,2,9,98,32,32,33,66,0,12,66,1
82944,10,4,99,33,32,33,67,0,12,67,1
93312,7,6,100,33,33,33,67,0,12,67,0
98304,15,1,101,33,34,34,68,0,12,68,1
104976,4,8,102,33,34,35,69,0,12,69,1
110592,12,3,103,34,34,35,69,0,12,69,0
118098,1,10,104,35,34,35,70,0,12,70,1
124416,9,5,105,35,35,35,70,0,12,70,0
131072,17,0,106,35,35,35,71,0,13,71,1
139968,6,7,107,35,35,36,72,0,13,72,1
147456,14,2,108,36,35,36,73,0,13,73,1
157464,3,9,109,37,35,36,74,0,13,74,1
165888,11,4,110,37,36,36,74,0,13,74,0
177147,0,11,111,37,37,36,75,0,13,75,1
186624,8,6,112,37,37,37,75,0,13,75,0
196608,16,1,113,38,37,38,76,0,13,76,1
209952,5,8,114,39,37,38,77,0,13,77,1
221184,13,3,115,39,38,38,77,0,13,77,0
236196,2,10,116,39,39,38,78,0,13,78,1
248832,10,5,117,39,39,39,78,0,13,78,0
262144,18,0,118,39,39,39,79,0,14,79,1
279936,7,7,119,40,39,39,80,0,14,80,1
294912,15,2,120,40,40,39,81,0,14,81,1
314928,4,9,121,40,41,39,82,0,14,82,1
331776,12,4,122,40,41,40,82,0,14,82,0
354294,1,11,123,40,41,41,83,0,14,83,1
373248,9,6,124,41,41,41,83,0,14,83,0
393216,17,1,125,42,42,41,84,0,14,84,1
419904,6,8,126,42,43,41,85,0,14,85,1
442368,14,3,127,42,43,42,85,0,14,85,0
472392,3,10,128,42,43,43,86,0,14,86,1
497664,11,5,129,43,43,43,86,0,14,86,0
524288,19,0,130,43,43,43,87,0,15,87,1
531441,0,12,131,44,43,43,88,0,15,88,1
559872,8,7,132,44,44,43,89,0,15,89,1
589824,16,2,133,44,44,44,89,0,15,89,0
629856,5,9,134,44,44,45,90,0,15,90,1
663552,13,4,135,45,44,45,91,0,15,91,1
708588,2,11,136,46,44,45,92,0,15,92,1
746496,10,6,137,46,45,45,92,0,15,92,0
786432,18,1,138,46,46,46,92,1,15,93,1
839808,7,8,139,46,46,47,93,0,15,93,0
884736,15,3,140,47,46,47,94,0,15,94,1
944784,4,10,141,48,46,47,95,0,15,95,1
995328,12,5,142,48,47,47,95,0,15,95,0
1048576,20,0,143,48,47,47,96,0,16,96,1
1062882,1,12,144,48,48,47,97,0,16,97,1
1119744,9,7,145,48,48,48,97,0,16,97,0
1179648,17,2,146,49,48,48,98,0,16,98,1
1259712,6,9,147,50,48,48,99,0,16,99,1
1327104,14,4,148,50,49,48,100,0,16,100,1
1417176,3,11,149,50,50,48,101,0,16,101,1
1492992,11,6,150,50,50,49,101,0,16,101,0
1572864,19,1,151,51,50,50,101,0,16,101,0
1594323,0,13,152,51,50,51,102,0,16,102,1
1679616,8,8,153,52,50,51,103,0,16,103,1
1769472,16,3,154,52,51,51,103,0,16,103,0
1889568,5,10,155,52,52,51,104,0,16,104,1
1990656,13,5,156,52,52,52,104,0,16,104,0
2097152,21,0,157,52,52,52,105,0,17,105,1
2125764,2,12,158,52,52,53,106,0,17,106,1
2239488,10,7,159,53,52,53,107,0,17,107,1
2359296,18,2,160,53,53,53,107,0,17,107,0
2519424,7,9,161,53,54,53,108,0,17,108,1
2654208,15,4,162,53,54,54,109,0,17,109,1
2834352,4,11,163,53,54,55,110,0,17,110,1
2985984,12,6,164,54,54,55,110,0,17,110,0
3145728,20,1,165,55,55,55,110,1,17,111,1
3188646,1,13,166,56,55,55,111,1,17,112,1
3359232,9,8,167,56,56,55,112,0,17,112,0
3538944,17,3,168,56,56,56,112,0,17,112,0
3779136,6,10,169,56,56,57,113,0,17,113,1
3981312,14,5,170,57,56,57,114,0,17,114,1
4194304,22,0,171,57,56,57,115,0,18,115,1
4251528,3,12,172,58,56,57,116,0,18,116,1
4478976,11,7,173,58,57,57,116,0,18,116,0
4718592,19,2,174,58,57,58,117,0,18,117,1
4782969,0,14,175,58,58,58,117,0,18,117,0
5038848,8,9,176,58,58,59,118,0,18,118,1
5308416,16,4,177,59,58,59,119,0,18,119,1
5668704,5,11,178,60,58,59,120,0,18,120,1
5971968,13,6,179,60,59,59,120,0,18,120,0
6291456,21,1,180,60,60,60,120,1,18,121,1
6377292,2,13,181,60,61,60,121,1,18,122,1
6718464,10,8,182,60,61,61,122,0,18,122,0
7077888,18,3,183,61,61,61,122,0,18,122,0
7558272,7,10,184,62,61,61,123,0,18,123,1
7962624,15,5,185,62,62,61,124,0,18,124,1
8388608,23,0,186,62,62,61,125,0,19,125,1
8503056,4,12,187,62,63,61,126,0,19,126,1
8957952,12,7,188,62,63,62,126,0,19,126,0
9437184,20,2,189,63,63,62,127,0,19,127,1
9565938,1,14,190,63,63,63,127,0,19,127,0
10077696,9,9,191,64,63,63,128,0,19,128,1
10616832,17,4,192,64,64,63,129,0,19,129,1
11337408,6,11,193,64,65,63,130,0,19,130,1
11943936,14,6,194,64,65,64,130,0,19,130,0
12582912,22,1,195,65,65,65,130,1,19,131,1
12754584,3,13,196,65,65,66,131,1,19,132,1
13436928,11,8,197,66,65,66,132,0,19,132,0
14155776,19,3,198,66,66,66,132,0,19,132,0
14348907,0,15,199,67,66,66,133,0,19,133,1
15116544,8,10,200,67,67,66,134,0,19,134,1
15925248,16,5,201,67,67,67,134,0,19,134,0
16777216,24,0,202,67,67,67,135,0,20,135,1
17006112,5,12,203,67,67,68,136,0,20,136,1
17915904,13,7,204,68,67,68,137,0,20,137,1
18874368,21,2,205,68,68,68,137,0,20,137,0
19131876,2,14,206,69,68,68,138,0,20,138,1
20155392,10,9,207,69,69,68,139,0,20,139,1
21233664,18,4,208,69,69,69,139,0,20,139,0
22674816,7,11,209,69,69,70,140,0,20,140,1
23887872,15,6,210,70,69,70,141,0,20,141,1
25165824,23,1,211,71,70,70,141,1,20,142,1
25509168,4,13,212,72,70,70,142,1,20,143,1
26873856,12,8,213,72,71,70,143,0,20,143,0
28311552,20,3,214,72,71,71,143,0,20,143,0
28697814,1,15,215,72,72,71,144,0,20,144,1
30233088,9,10,216,72,72,72,144,0,20,144,0
31850496,17,5,217,73,72,72,145,0,20,145,1
33554432,25,0,218,73,72,72,146,0,21,146,1
34012224,6,12,219,74,72,72,147,0,21,147,1
35831808,14,7,220,74,73,72,148,0,21,148,1
37748736,22,2,221,74,73,73,148,0,21,148,0
38263752,3,14,222,74,74,73,149,0,21,149,1
40310784,11,9,223,74,74,74,149,0,21,149,0
42467328,19,4,224,75,74,74,150,0,21,150,1
43046721,0,16,225,75,74,75,151,0,21,151,1
45349632,8,11,226,76,74,75,152,0,21,152,1
47775744,16,6,227,76,75,75,152,0,21,152,0
50331648,24,1,228,76,76,76,152,1,21,153,1
51018336,5,13,229,76,77,76,153,1,21,154,1
53747712,13,8,230,76,77,77,154,0,21,154,0
56623104,21,3,231,77,77,77,154,0,21,154,0
57395628,2,15,232,77,77,78,155,0,21,155,1
60466176,10,10,233,78,77,78,156,0,21,156,1
63700992,18,5,234,78,78,78,156,0,21,156,0
67108864,26,0,235,78,78,78,157,0,22,157,1
68024448,7,12,236,78,79,78,158,0,22,158,1
71663616,15,7,237,78,79,79,159,0,22,159,1
75497472,23,2,238,79,79,79,159,0,22,159,0
76527504,4,14,239,79,79,80,160,0,22,160,1
80621568,12,9,240,80,79,80,161,0,22,161,1
84934656,20,4,241,80,80,80,161,0,22,161,0
86093442,1,16,242,81,80,80,162,0,22,162,1
90699264,9,11,243,81,81,80,163,0,22,163,1
95551488,17,6,244,81,81,81,163,0,22,163,0
100663296,25,1,245,82,81,82,164,0,22,164,1
102036672,6,13,246,82,81,83,165,0,22,165,1
107495424,14,8,247,83,81,83,166,0,22,166,1
113246208,22,3,248,83,82,83,166,0,22,166,0
114791256,3,15,249,84,82,83,167,0,22,167,1
120932352,11,10,250,84,83,83,167,0,22,167,0
127401984,19,5,251,84,83,84,168,0,22,168,1
129140163,0,17,252,84,84,84,168,0,22,168,0
134217728,27,0,253,84,84,84,169,0,23,169,1
136048896,8,12,254,84,84,85,170,0,23,170,1
143327232,16,7,255,85,84,85,171,0,23,171,1
150994944,24,2,256,85,85,85,171,0,23,171,0
153055008,5,14,257,86,85,85,172,0,23,172,1
161243136,13,9,258,86,86,85,173,0,23,173,1
169869312,21,4,259,86,86,86,173,0,23,173,0
172186884,2,16,260,86,87,86,174,0,23,174,1
181398528,10,11,261,86,87,87,175,0,23,175,1
191102976,18,6,262,87,87,87,175,0,23,175,0
201326592,26,1,263,88,88,87,176,0,23,176,1
204073344,7,13,264,89,88,87,177,0,23,177,1
214990848,15,8,265,89,89,87,178,0,23,178,1
226492416,23,3,266,89,89,88,178,0,23,178,0
229582512,4,15,267,89,90,88,179,0,23,179,1
241864704,12,10,268,89,90,89,179,0,23,179,0
254803968,20,5,269,90,90,89,180,0,23,180,1
258280326,1,17,270,90,90,90,180,0,23,180,0
268435456,28,0,271,90,90,90,181,0,24,181,1
272097792,9,12,272,91,90,90,182,0,24,182,1
286654464,17,7,273,91,91,90,183,0,24,183,1
301989888,25,2,274,91,91,91,183,0,24,183,0
306110016,6,14,275,91,92,91,184,0,24,184,1
322486272,14,9,276,91,92,92,185,0,24,185,1
339738624,22,4,277,92,92,92,185,0,24,185,0
344373768,3,16,278,92,92,93,186,0,24,186,1
362797056,11,11,279,93,92,93,187,0,24,187,1
382205952,19,6,280,93,93,93,187,0,24,187,0
387420489,0,18,281,94,93,93,188,0,24,188,1
402653184,27,1,282,94,94,94,188,1,24,189,1
408146688,8,13,283,94,95,94,189,1,24,190,1
429981696,16,8,284,94,95,95,190,0,24,190,0
452984832,24,3,285,95,95,95,190,0,24,190,0
459165024,5,15,286,95,95,96,191,0,24,191,1
483729408,13,10,287,96,95,96,192,0,24,192,1
509607936,21,5,288,96,96,96,192,0,24,192,0
516560652,2,17,289,97,96,96,193,0,24,193,1
536870912,29,0,290,97,96,96,194,0,25,194,1
544195584,10,12,291,97,97,96,195,0,25,195,1
573308928,18,7,292,97,97,97,195,0,25,195,0
603979776,26,2,293,98,97,97,196,0,25,196,1
612220032,7,14,294,98,97,98,197,0,25,197,1
644972544,15,9,295,99,97,98,198,0,25,198,1
679477248,23,4,296,99,98,98,198,0,25,198,0
688747536,4,16,297,100,98,98,199,0,25,199,1
725594112,12,11,298,100,99,98,200,0,25,200,1
764411904,20,6,299,100,99,99,200,0,25,200,0
774840978,1,18,300,100,100,99,201,0,25,201,1
805306368,28,1,301,101,100,100,201,0,25,201,0
816293376,9,13,302,101,100,101,202,0,25,202,1
859963392,17,8,303,102,100,101,203,0,25,203,1
905969664,25,3,304,102,101,101,203,0,25,203,0
918330048,6,15,305,103,101,101,204,0,25,204,1
967458816,14,10,306,103,102,101,205,0,25,205,1
1019215872,22,5,307,103,102,102,205,0,25,205,0
1033121304,3,17,308,103,103,102,206,0,25,206,1
1073741824,30,0,309,103,103,102,207,0,26,207,1
1088391168,11,12,310,103,103,103,207,0,26,207,0
1146617856,19,7,311,104,103,103,208,0,26,208,1
1162261467,0,19,312,104,103,104,209,0,26,209,1
1207959552,27,2,313,104,104,104,209,0,26,209,0
1224440064,8,14,314,105,104,104,210,0,26,210,1
1289945088,16,9,315,105,105,104,211,0,26,211,1
1358954496,24,4,316,105,105,105,211,0,26,211,0
1377495072,5,16,317,105,106,105,212,0,26,212,1
1451188224,13,11,318,105,106,106,213,0,26,213,1
1528823808,21,6,319,106,106,106,213,0,26,213,0
1549681956,2,18,320,106,106,107,214,0,26,214,1
1610612736,29,1,321,107,107,107,214,1,26,215,1
1632586752,10,13,322,108,107,107,215,1,26,216,1
1719926784,18,8,323,108,108,107,216,0,26,216,0
1811939328,26,3,324,108,108,108,216,0,26,216,0
1836660096,7,15,325,108,109,108,217,0,26,217,1
1934917632,15,10,326,108,109,109,218,0,26,218,1
2038431744,23,5,327,109,109,109,218,0,26,218,0
2066242608,4,17,328,109,109,110,219,0,26,219,1
2147483648,31,0,329,109,109,110,220,0,27,220,1
2176782336,12,12,330,110,109,110,221,0,27,221,1
2293235712,20,7,331,110,110,110,221,0,27,221,0
2324522934,1,19,332,111,110,110,222,0,27,222,1
2415919104,28,2,333,111,110,111,223,0,27,223,1
2448880128,9,14,334,111,111,111,223,0,27,223,0
2579890176,17,9,335,111,111,112,224,0,27,224,1
2717908992,25,4,336,112,111,112,225,0,27,225,1
2754990144,6,16,337,112,111,113,226,0,27,226,1
2902376448,14,11,338,113,111,113,227,0,27,227,1
3057647616,22,6,339,113,112,113,227,0,27,227,0
3099363912,3,18,340,114,112,113,228,0,27,228,1
3221225472,30,1,341,114,113,114,228,0,27,228,0
3265173504,11,13,342,114,114,114,228,1,27,229,1
3439853568,19,8,343,114,114,115,229,0,27,229,0
3486784401,0,20,344,114,115,115,230,0,27,230,1
3623878656,27,3,345,115,115,115,230,0,27,230,0
3673320192,8,15,346,115,115,116,231,0,27,231,1
3869835264,16,10,347,116,115,116,232,0,27,232,1
4076863488,24,5,348,116,116,116,232,0,27,232,0
4132485216,5,17,349,117,116,116,233,0,27,233,1
4294967296,32,0,350,117,116,116,234,0,28,234,1
4353564672,13,12,351,117,117,116,235,0,28,235,1
4586471424,21,7,352,117,117,117,235,0,28,235,0
4649045868,2,19,353,117,118,117,236,0,28,236,1
4831838208,29,2,354,118,118,117,237,0,28,237,1
4897760256,10,14,355,118,118,118,237,0,28,237,0
5159780352,18,9,356,119,118,118,238,0,28,238,1
5435817984,26,4,357,119,119,118,239,0,28,239,1
5509980288,7,16,358,120,119,118,240,0,28,240,1
5804752896,15,11,359,120,120,118,241,0,28,241,1
6115295232,23,6,360,120,120,119,241,0,28,241,0
6198727824,4,18,361,120,121,119,242,0,28,242,1
6442450944,31,1,362,121,121,120,242,0,28,242,0
6530347008,12,13,363,121,121,121,242,1,28,243,1
6879707136,20,8,364,122,121,121,243,0,28,243,0
6973568802,1,20,365,122,121,122,244,0,28,244,1
7247757312,28,3,366,122,122,122,244,0,28,244,0
7346640384,9,15,367,123,122,122,245,0,28,245,1
7739670528,17,10,368,123,123,122,246,0,28,246,1
8153726976,25,5,369,123,123,123,246,0,28,246,0
8264970432,6,17,370,123,124,123,247,0,28,247,1
8589934592,33,0,371,123,124,123,248,0,29,248,1
8707129344,14,12,372,123,124,124,249,0,29,249,1
9172942848,22,7,373,124,124,124,249,0,29,249,0
9298091736,3,19,374,124,124,125,250,0,29,250,1
9663676416,30,2,375,124,125,125,251,0,29,251,1
9795520512,11,14,376,125,125,125,251,0,29,251,0
10319560704,19,9,377,125,126,125,252,0,29,252,1
10460353203,0,21,378,126,126,125,253,0,29,253,1
10871635968,27,4,379,126,126,126,253,0,29,253,0
11019960576,8,16,380,126,127,126,254,0,29,254,1
11609505792,16,11,381,126,127,127,255,0,29,255,1
12230590464,24,6,382,127,127,127,255,0,29,255,0
12397455648,5,18,383,127,127,128,256,0,29,256,1
12884901888,32,1,384,128,128,128,256,1,29,257,1
13060694016,13,13,385,129,128,128,257,1,29,258,1
13759414272,21,8,386,129,129,128,258,0,29,258,0
13947137604,2,20,387,130,129,128,259,0,29,259,1
14495514624,29,3,388,130,129,129,259,0,29,259,0
14693280768,10,15,389,130,130,129,260,0,29,260,1
15479341056,18,10,390,130,130,130,260,0,29,260,0
16307453952,26,5,391,131,130,130,261,0,29,261,1
16529940864,7,17,392,131,130,131,262,0,29,262,1
17179869184,34,0,393,131,130,131,263,0,30,263,1
17414258688,15,12,394,132,130,131,264,0,30,264,1
18345885696,23,7,395,132,131,131,264,0,30,264,0
18596183472,4,19,396,133,131,131,265,0,30,265,1
19327352832,31,2,397,133,131,132,266,0,30,266,1
19591041024,12,14,398,133,132,132,266,0,30,266,0
20639121408,20,9,399,133,132,133,267,0,30,267,1
20920706406,1,21,400,133,133,133,267,0,30,267,0
21743271936,28,4,401,134,133,133,268,0,30,268,1
22039921152,9,16,402,134,133,134,269,0,30,269,1
23219011584,17,11,403,135,133,134,270,0,30,270,1
24461180928,25,6,404,135,134,134,270,0,30,270,0
24794911296,6,18,405,136,134,134,271,0,30,271,1
25769803776,33,1,406,136,135,135,271,1,30,272,1
26121388032,14,13,407,136,136,135,272,1,30,273,1
27518828544,22,8,408,136,136,136,272,1,30,273,0
27894275208,3,20,409,136,137,136,273,1,30,274,1
28991029248,30,3,410,137,137,136,274,0,30,274,0
29386561536,11,15,411,137,137,137,274,0,30,274,0
30958682112,19,10,412,138,137,137,275,0,30,275,1
31381059609,0,22,413,138,137,138,276,0,30,276,1
32614907904,27,5,414,138,138,138,276,0,30,276,0
33059881728,8,17,415,139,138,138,277,0,30,277,1
34359738368,35,0,416,139,138,138,278,0,31,278,1
34828517376,16,12,417,139,139,138,279,0,31,279,1
36691771392,24,7,418,139,139,139,279,0,31,279,0
37192366944,5,19,419,139,140,139,280,0,31,280,1
38654705664,32,2,420,140,140,139,281,0,31,281,1
39182082048,13,14,421,140,140,140,281,0,31,281,0
41278242816,21,9,422,141,140,140,282,0,31,282,1
41841412812,2,21,423,141,140,141,283,0,31,283,1
43486543872,29,4,424,141,141,141,283,0,31,283,0
44079842304,10,16,425,142,141,141,284,0,31,284,1
46438023168,18,11,426,142,142,141,285,0,31,285,1
48922361856,26,6,427,142,142,142,285,0,31,285,0
49589822592,7,18,428,142,143,142,286,0,31,286,1
51539607552,34,1,429,143,143,143,286,1,31,287,1
52242776064,15,13,430,143,143,144,287,1,31,288,1
55037657088,23,8,431,144,143,144,288,0,31,288,0
55788550416,4,20,432,144,143,145,289,0,31,289,1
57982058496,31,3,433,144,144,145,289,0,31,289,0
58773123072,12,15,434,145,144,145,290,0,31,290,1
61917364224,20,10,435,145,145,145,290,0,31,290,0
62762119218,1,22,436,146,145,145,291,0,31,291,1
65229815808,28,5,437,146,145,146,292,0,31,292,1
66119763456,9,17,438,146,146,146,292,0,31,292,0
68719476736,36,0,439,146,146,146,293,0,32,293,1
69657034752,17,12,440,146,146,147,294,0,32,294,1
73383542784,25,7,441,147,146,147,295,0,32,295,1
74384733888,6,19,442,147,146,148,296,0,32,296,1
77309411328,33,2,443,147,147,148,296,0,32,296,0
78364164096,14,14,444,148,147,148,297,0,32,297,1
82556485632,22,9,445,148,148,148,297,0,32,297,0
83682825624,3,21,446,149,148,148,298,0,32,298,1
86973087744,30,4,447,149,148,149,299,0,32,299,1
88159684608,11,16,448,149,149,149,299,0,32,299,0
92876046336,19,11,449,149,149,150,300,0,32,300,1
94143178827,0,23,450,149,150,150,301,0,32,301,1
97844723712,27,6,451,150,150,150,301,0,32,301,0
99179645184,8,18,452,150,150,151,302,0,32,302,1
103079215104,35,1,453,151,151,151,302,1,32,303,1
104485552128,16,13,454,152,151,151,303,1,32,304,1
110075314176,24,8,455,152,152,151,304,0,32,304,0
111577100832,5,20,456,153,152,151,305,0,32,305,1
115964116992,32,3,457,153,152,152,305,0,32,305,0
117546246144,13,15,458,153,153,152,306,0,32,306,1
123834728448,21,10,459,153,153,153,306,0,32,306,0
125524238436,2,22,460,153,154,153,307,0,32,307,1
130459631616,29,5,461,154,154,153,308,0,32,308,1
132239526912,10,17,462,154,154,154,308,0,32,308,0
137438953472,37,0,463,154,154,154,309,0,33,309,1
139314069504,18,12,464,155,154,154,310,0,33,310,1
146767085568,26,7,465,155,155,154,311,0,33,311,1
148769467776,7,19,466,156,155,154,312,0,33,312,1
154618822656,34,2,467,156,155,155,312,0,33,312,0
156728328192,15,14,468,156,156,155,313,0,33,313,1
165112971264,23,9,469,156,156,156,313,0,33,313,0
167365651248,4,21,470,156,157,156,314,0,33,314,1
173946175488,31,4,471,157,157,156,315,0,33,315,1
176319369216,12,16,472,157,157,157,315,0,33,315,0
185752092672,20,11,473,158,157,157,316,0,33,316,1
188286357654,1,23,474,158,157,158,317,0,33,317,1
195689447424,28,6,475,158,158,158,317,0,33,317,0
198359290368,9,18,476,159,158,158,318,0,33,318,1
206158430208,36,1,477,159,159,159,318,1,33,319,1
208971104256,17,13,478,159,160,159,319,1,33,320,1
220150628352,25,8,479,159,160,160,320,0,33,320,0
223154201664,6,20,480,159,161,160,321,0,33,321,1
231928233984,33,3,481,160,161,160,321,0,33,321,0
235092492288,14,15,482,160,161,161,322,0,33,322,1
247669456896,22,10,483,161,161,161,322,0,33,322,0
251048476872,3,22,484,161,161,162,323,0,33,323,1
260919263232,30,5,485,161,162,162,324,0,33,324,1
264479053824,11,17,486,162,162,162,324,0,33,324,0
274877906944,38,0,487,162,162,162,325,0,34,325,1
278628139008,19,12,488,162,163,162,326,0,34,326,1
282429536481,0,24,489,163,163,162,327,0,34,327,1
293534171136,27,7,490,163,163,163,327,0,34,327,0
297538935552,8,19,491,163,164,163,328,0,34,328,1
309237645312,35,2,492,164,164,163,329,0,34,329,1
313456656384,16,14,493,164,164,164,329,0,34,329,0
330225942528,24,9,494,165,164,164,330,0,34,330,1
334731302496,5,21,495,165,164,165,331,0,34,331,1
347892350976,32,4,496,165,165,165,331,0,34,331,0
352638738432,13,16,497,166,165,165,332,0,34,332,1
371504185344,21,11,498,166,166,165,333,0,34,333,1
376572715308,2,23,499,167,166,165,334,0,34,334,1
391378894848,29,6,500,167,166,166,334,0,34,334,0
396718580736,10,18,501,167,167,166,335,0,34,335,1
412316860416,37,1,502,168,167,167,335,0,34,335,0
417942208512,18,13,503,168,167,168,336,0,34,336,1
440301256704,26,8,504,169,167,168,337,0,34,337,1
446308403328,7,20,505,169,167,169,338,0,34,338,1
463856467968,34,3,506,169,168,169,338,0,34,338,0
470184984576,15,15,507,170,168,169,339,0,34,339,1
495338913792,23,10,508,170,169,169,339,0,34,339,0
502096953744,4,22,509,171,169,169,340,0,34,340,1
521838526464,31,5,510,171,169,170,341,0,34,341,1
528958107648,12,17,511,171,170,170,341,0,34,341,0
549755813888,39,0,512,171,170,170,342,0,35,342,1
557256278016,20,12,513,171,170,171,343,0,35,343,1
564859072962,1,24,514,171,171,171,343,0,35,343,0
587068342272,28,7,515,172,171,171,344,0,35,344,1
595077871104,9,19,516,172,171,172,345,0,35,345,1
618475290624,36,2,517,172,172,172,345,0,35,345,0
626913312768,17,14,518,173,172,172,346,0,35,346,1
660451885056,25,9,519,173,173,172,347,0,35,347,1
669462604992,6,21,520,174,173,172,348,0,35,348,1
695784701952,33,4,521,174,173,173,348,0,35,348,0
705277476864,14,16,522,174,174,173,349,0,35,349,1
743008370688,22,11,523,174,174,174,349,0,35,349,0
753145430616,3,23,524,174,175,174,350,0,35,350,1
782757789696,30,6,525,175,175,174,351,0,35,351,1
793437161472,11,18,526,175,175,175,351,0,35,351,0
824633720832,38,1,527,176,176,175,352,0,35,352,1
835884417024,19,13,528,177,176,175,353,0,35,353,1
847288609443,0,25,529,177,176,176,353,1,35,354,1
880602513408,27,8,530,177,177,176,354,0,35,354,0
892616806656,8,20,531,178,177,176,355,0,35,355,1
927712935936,35,3,532,178,177,177,355,0,35,355,0
940369969152,16,15,533,178,178,177,356,0,35,356,1
990677827584,24,10,534,178,178,178,356,0,35,356,0
1004193907488,5,22,535,178,179,178,357,0,35,357,1
1043677052928,32,5,536,179,179,178,358,0,35,358,1
1057916215296,13,17,537,179,179,179,358,0,35,358,0
1099511627776,40,0,538,179,179,179,359,0,36,359,1
1114512556032,21,12,539,180,179,179,360,0,36,360,1
1129718145924,2,24,540,180,179,180,361,0,36,361,1
1174136684544,29,7,541,180,180,180,361,0,36,361,0
1190155742208,10,19,542,181,180,180,362,0,36,362,1
1236950581248,37,2,543,181,180,181,363,0,36,363,1
1253826625536,18,14,544,181,181,181,363,0,36,363,0
1320903770112,26,9,545,181,181,182,364,0,36,364,1
1338925209984,7,21,546,181,182,182,365,0,36,365,1
1391569403904,34,4,547,182,182,182,365,0,36,365,0
1410554953728,15,16,548,182,182,183,366,0,36,366,1
1486016741376,23,11,549,183,182,183,367,0,36,367,1
1506290861232,4,23,550,183,182,184,368,0,36,368,1
1565515579392,31,6,551,183,183,184,368,0,36,368,0
1586874322944,12,18,552,184,183,184,369,0,36,369,1
1649267441664,39,1,553,184,184,185,369,0,36,369,0
1671768834048,20,13,554,184,185,185,370,0,36,370,1
1694577218886,1,25,555,185,185,185,370,1,36,371,1
1761205026816,28,8,556,185,185,186,371,0,36,371,0
1785233613312,9,20,557,185,186,186,372,0,36,372,1
1855425871872,36,3,558,186,186,186,372,0,36,372,0
1880739938304,17,15,559,186,186,187,373,0,36,373,1
1981355655168,25,10,560,187,186,187,374,0,36,374,1
2008387814976,6,22,561,187,186,188,375,0,36,375,1
2087354105856,33,5,562,187,187,188,375,0,36,375,0
2115832430592,14,17,563,188,187,188,376,0,36,376,1
2199023255552,41,0,564,188,187,188,377,0,37,377,1
2229025112064,22,12,565,188,188,188,377,0,37,377,0
2259436291848,3,24,566,189,188,188,378,0,37,378,1
2348273369088,30,7,567,189,188,189,379,0,37,379,1
2380311484416,11,19,568,189,189,189,379,0,37,379,0
2473901162496,38,2,569,190,189,189,380,0,37,380,1
2507653251072,19,14,570,190,189,190,381,0,37,381,1
2541865828329,0,26,571,190,190,190,381,0,37,381,0
2641807540224,27,9,572,191,190,190,382,0,37,382,1
2677850419968,8,21,573,191,190,191,383,0,37,383,1
2783138807808,35,4,574,191,191,191,383,0,37,383,0
2821109907456,16,16,575,192,191,191,384,0,37,384,1
2972033482752,24,11,576,192,192,191,385,0,37,385,1
3012581722464,5,23,577,193,192,191,386,0,37,386,1
3131031158784,32,6,578,193,192,192,386,0,37,386,0
3173748645888,13,18,579,193,193,192,387,0,37,387,1
3298534883328,40,1,580,194,193,193,387,0,37,387,0
3343537668096,21,13,581,194,193,194,388,0,37,388,1
3389154437772,2,25,582,194,194,194,388,1,37,389,1
3522410053632,29,8,583,195,194,194,389,0,37,389,0
3570467226624,10,20,584,195,194,195,390,0,37,390,1
3710851743744,37,3,585,195,195,195,390,0,37,390,0
3761479876608,18,15,586,196,195,195,391,0,37,391,1
3962711310336,26,10,587,196,196,195,392,0,37,392,1
4016775629952,7,22,588,197,196,195,393,0,37,393,1
4174708211712,34,5,589,197,196,196,393,0,37,393,0
4231664861184,15,17,590,197,197,196,394,0,37,394,1
4398046511104,42,0,591,197,197,196,395,0,38,395,1
4458050224128,23,12,592,197,197,197,395,0,38,395,0
4518872583696,4,24,593,197,198,197,396,0,38,396,1
4696546738176,31,7,594,198,198,197,397,0,38,397,1
4760622968832,12,19,595,198,198,198,397,0,38,397,0
4947802324992,39,2,596,198,199,198,398,0,38,398,1
5015306502144,20,14,597,199,199,198,399,0,38,399,1
5083731656658,1,26,598,199,199,199,399,0,38,399,0
5283615080448,28,9,599,199,200,199,400,0,38,400,1
5355700839936,9,21,600,200,200,199,401,0,38,401,1
5566277615616,36,4,601,200,200,200,401,0,38,401,0
5642219814912,17,16,602,200,201,200,402,0,38,402,1
5944066965504,25,11,603,200,201,201,403,0,38,403,1
6025163444928,6,23,604,200,202,201,404,0,38,404,1
6262062317568,33,6,605,201,202,201,404,0,38,404,0
6347497291776,14,18,606,201,202,202,405,0,38,405,1
6597069766656,41,1,607,202,203,202,405,0,38,405,0
6687075336192,22,13,608,203,203,202,406,0,38,406,1
6778308875544,3,25,609,203,203,203,406,1,38,407,1
7044820107264,30,8,610,203,204,203,407,0,38,407,0
7140934453248,11,20,611,204,204,203,408,0,38,408,1
7421703487488,38,3,612,204,204,204,408,0,38,408,0
7522959753216,19,15,613,204,205,204,409,0,38,409,1
7625597484987,0,27,614,205,205,204,410,0,38,410,1
7925422620672,27,10,615,205,205,205,410,0,38,410,0
8033551259904,8,22,616,205,206,205,411,0,38,411,1
8349416423424,35,5,617,206,206,205,412,0,38,412,1
8463329722368,16,17,618,206,206,206,412,0,38,412,0
8796093022208,43,0,619,206,206,206,413,0,39,413,1
8916100448256,24,12,620,207,206,206,414,0,39,414,1
9037745167392,5,24,621,207,206,207,415,0,39,415,1
9393093476352,32,7,622,207,207,207,415,0,39,415,0
9521245937664,13,19,623,208,207,207,416,0,39,416,1
9895604649984,40,2,624,208,207,208,417,0,39,417,1
10030613004288,21,14,625,208,208,208,417,0,39,417,0
10167463313316,2,26,626,209,208,208,418,0,39,418,1
10567230160896,29,9,627,209,208,209,419,0,39,419,1
10711401679872,10,21,628,209,209,209,419,0,39,419,0
11132555231232,37,4,629,210,209,209,420,0,39,420,1
11284439629824,18,16,630,210,209,210,421,0,39,421,1
11888133931008,26,11,631,211,209,210,422,0,39,422,1
12050326889856,7,23,632,211,209,211,423,0,39,423,1
12524124635136,34,6,633,211,210,211,423,0,39,423,0
12694994583552,15,18,634,212,210,211,424,0,39,424,1
13194139533312,42,1,635,212,211,212,424,0,39,424,0
13374150672384,23,13,636,212,212,212,424,1,39,425,1
13556617751088,4,25,637,213,212,212,425,1,39,426,1
14089640214528,31,8,638,213,212,213,426,0,39,426,0
14281868906496,12,20,639,213,213,213,426,1,39,427,1
14843406974976,39,3,640,214,213,213,427,0,39,427,0
15045919506432,20,15,641,214,213,214,428,0,39,428,1
15251194969974,1,27,642,214,214,214,428,0,39,428,0
15850845241344,28,10,643,215,214,214,429,0,39,429,1
16067102519808,9,22,644,215,214,215,430,0,39,430,1
16698832846848,36,5,645,215,215,215,430,0,39,430,0
16926659444736,17,17,646,216,215,215,431,0,39,431,1
17592186044416,44,0,647,216,215,215,432,0,40,432,1
17832200896512,25,12,648,216,216,215,433,0,40,433,1
18075490334784,6,24,649,217,216,215,434,0,40,434,1
18786186952704,33,7,650,217,216,216,434,0,40,434,0
19042491875328,14,19,651,217,217,216,435,0,40,435,1
19791209299968,41,2,652,218,217,216,436,0,40,436,1
20061226008576,22,14,653,218,217,217,436,0,40,436,0
20334926626632,3,26,654,218,218,217,437,0,40,437,1
21134460321792,30,9,655,219,218,217,438,0,40,438,1
21422803359744,11,21,656,219,218,218,438,0,40,438,0
22265110462464,38,4,657,219,219,218,439,0,40,439,1
22568879259648,19,16,658,220,219,218,440,0,40,440,1
22876792454961,0,28,659,220,219,219,440,0,40,440,0
23776267862016,27,11,660,220,220,219,441,0,40,441,1
24100653779712,8,23,661,221,220,219,442,0,40,442,1
25048249270272,35,6,662,221,220,220,442,0,40,442,0
25389989167104,16,18,663,221,221,220,443,0,40,443,1
26388279066624,43,1,664,222,221,221,443,0,40,443,0
26748301344768,24,13,665,222,221,222,444,0,40,444,1
27113235502176,5,25,666,222,222,222,444,1,40,445,1
28179280429056,32,8,667,223,222,222,445,0,40,445,0
28563737812992,13,20,668,223,222,223,446,0,40,446,1
29686813949952,40,3,669,223,223,223,446,0,40,446,0
30091839012864,21,15,670,224,223,223,447,0,40,447,1
30502389939948,2,27,671,224,223,224,448,0,40,448,1
31701690482688,29,10,672,224,224,224,448,0,40,448,0
32134205039616,10,22,673,225,224,224,449,0,40,449,1
33397665693696,37,5,674,225,224,225,450,0,40,450,1
33853318889472,18,17,675,225,225,225,450,0,40,450,0
35184372088832,45,0,676,225,225,225,451,0,41,451,1
35664401793024,26,12,677,225,225,226,452,0,41,452,1
36150980669568,7,24,678,225,226,226,453,0,41,453,1
37572373905408,34,7,679,226,226,226,453,0,41,453,0
38084983750656,15,19,680,226,226,227,454,0,41,454,1
39582418599936,42,2,681,226,227,227,455,0,41,455,1
40122452017152,23,14,682,227,227,227,455,0,41,455,0
40669853253264,4,26,683,227,227,228,456,0,41,456,1
42268920643584,31,9,684,227,228,228,457,0,41,457,1
42845606719488,12,21,685,228,228,228,457,0,41,457,0
44530220924928,39,4,686,228,228,229,458,0,41,458,1
45137758519296,20,16,687,228,229,229,459,0,41,459,1
45753584909922,1,28,688,229,229,229,459,0,41,459,0
47552535724032,28,11,689,229,229,230,460,0,41,460,1
48201307559424,9,23,690,229,230,230,461,0,41,461,1
50096498540544,36,6,691,230,230,230,461,0,41,461,0
50779978334208,17,18,692,230,230,231,462,0,41,462,1
52776558133248,44,1,693,231,231,231,462,1,41,463,1
53496602689536,25,13,694,232,231,231,463,1,41,464,1
54226471004352,6,25,695,232,231,232,464,1,41,465,1
56358560858112,33,8,696,232,232,232,464,1,41,465,0
57127475625984,14,20,697,233,232,232,465,1,41,466,1
59373627899904,41,3,698,233,232,233,466,0,41,466,0
60183678025728,22,15,699,233,233,233,466,0,41,466,0
61004779879896,3,27,700,234,233,233,467,0,41,467,1
63403380965376,30,10,701,234,233,234,468,0,41,468,1
64268410079232,11,22,702,234,234,234,468,0,41,468,0
66795331387392,38,5,703,235,234,234,469,0,41,469,1
67706637778944,19,17,704,235,234,235,470,0,41,470,1
68630377364883,0,29,705,235,235,235,470,0,41,470,0
70368744177664,46,0,706,235,235,235,471,0,42,471,1
71328803586048,27,12,707,236,235,235,472,0,42,472,1
72301961339136,8,24,708,236,235,236,473,0,42,473,1
75144747810816,35,7,709,236,236,236,473,0,42,473,0
76169967501312,16,19,710,237,236,236,474,0,42,474,1
79164837199872,43,2,711,237,236,237,475,0,42,475,1
80244904034304,24,14,712,237,237,237,475,0,42,475,0
81339706506528,5,26,713,238,237,237,476,0,42,476,1
84537841287168,32,9,714,238,237,238,477,0,42,477,1
85691213438976,13,21,715,238,238,238,477,0,42,477,0
89060441849856,40,4,716,239,238,238,478,0,42,478,1
90275517038592,21,16,717,239,238,239,479,0,42,479,1
91507169819844,2,28,718,239,239,239,479,0,42,479,0
95105071448064,29,11,719,240,239,239,480,0,42,480,1
96402615118848,10,23,720,240,239,240,481,0,42,481,1
