t,exact_g,g_cand,difference,points,c_0,c_1,c_2,g_pred,prediction_difference
1,1,1,0,1,0,0,0,1,0
2,2,2,0,2,0,0,0,2,0
3,2,2,0,3,1,1,1,2,0
4,3,3,0,4,1,1,1,3,0
6,4,4,0,5,2,1,2,4,0
8,5,5,0,6,2,1,2,5,0
9,5,5,0,7,2,2,2,5,0
12,6,6,0,8,3,3,2,6,0
16,7,7,0,9,3,3,2,7,0
18,7,7,0,10,3,3,3,7,0
24,8,8,0,11,3,4,4,8,0
27,8,8,0,12,4,4,4,8,0
32,9,9,0,13,4,4,4,9,0
36,10,10,0,14,5,4,4,10,0
48,11,11,0,15,6,4,5,11,0
54,11,11,0,16,6,5,5,11,0
64,12,12,0,17,6,5,5,12,0
72,13,13,0,18,6,6,5,13,0
81,13,13,0,19,6,6,6,13,0
96,14,14,0,20,7,7,6,14,0
108,14,14,0,21,7,7,7,14,0
128,15,15,0,22,7,7,7,15,0
144,16,16,0,23,7,7,8,16,0
162,17,17,0,24,8,7,8,17,0
192,17,17,0,25,8,8,9,17,0
216,18,18,0,26,9,8,9,18,0
243,18,18,0,27,9,9,9,18,0
256,19,19,0,28,9,9,9,19,0
288,20,20,0,29,10,9,9,20,0
324,21,21,0,30,10,10,9,21,0
384,21,21,0,31,11,10,10,21,0
432,22,22,0,32,11,11,10,22,0
486,22,22,0,33,11,11,11,22,0
512,23,23,0,34,11,11,11,23,0
576,24,24,0,35,11,12,11,24,0
648,25,25,0,36,11,12,12,25,0
729,25,25,0,37,12,12,12,25,0
768,26,26,0,38,13,13,12,26,0
864,26,26,0,39,13,13,13,26,0
972,27,27,0,40,14,13,13,27,0
1024,28,28,0,41,14,13,13,28,0
1152,29,29,0,42,14,13,14,29,0
1296,30,30,0,43,15,13,14,30,0
1458,30,30,0,44,15,14,14,30,0
1536,31,30,1,45,15,15,15,31,0
1728,31,31,0,46,16,15,15,31,0
1944,32,32,0,47,16,16,15,32,0
2048,33,33,0,48,16,16,15,33,0
2187,33,33,0,49,16,16,16,33,0
2304,34,34,0,50,17,16,16,34,0
2592,35,35,0,51,17,17,16,35,0
2916,35,35,0,52,17,17,17,35,0
3072,36,36,0,53,18,17,18,36,0
3456,36,36,0,54,18,18,18,36,0
3888,37,37,0,55,18,18,19,37,0
4096,38,38,0,56,18,18,19,38,0
4374,39,39,0,57,19,18,19,39,0
4608,39,39,0,58,19,19,19,39,0
5184,40,40,0,59,19,19,20,40,0
5832,41,41,0,60,20,19,20,41,0
6144,42,41,1,61,21,20,20,42,0
6561,42,42,0,62,21,21,20,42,0
6912,42,42,0,63,21,21,21,42,0
7776,43,43,0,64,22,21,21,43,0
8192,44,44,0,65,22,21,21,44,0
8748,45,45,0,66,22,22,21,45,0
9216,45,45,0,67,22,22,22,45,0
10368,46,46,0,68,23,22,22,46,0
11664,47,47,0,69,23,23,22,47,0
12288,48,47,1,70,23,24,23,48,0
13122,48,48,0,71,23,24,24,48,0
13824,48,48,0,72,24,24,24,48,0
15552,49,49,0,73,24,25,24,49,0
16384,50,50,0,74,24,25,24,50,0
17496,51,51,0,75,24,25,25,51,0
18432,51,51,0,76,25,25,25,51,0
19683,52,52,0,77,26,25,25,52,0
20736,53,53,0,78,26,26,25,53,0
23328,53,53,0,79,26,26,26,53,0
24576,54,54,0,80,27,26,27,54,0
26244,55,55,0,81,28,26,27,55,0
27648,55,55,0,82,28,27,27,55,0
31104,56,56,0,83,28,27,28,56,0
32768,57,57,0,84,28,27,28,57,0
34992,58,58,0,85,29,27,28,58,0
36864,58,58,0,86,29,28,28,58,0
39366,59,59,0,87,29,29,28,59,0
41472,59,59,0,88,29,29,29,59,0
46656,60,60,0,89,30,29,29,60,0
49152,61,61,0,90,31,30,29,61,0
52488,62,62,0,91,31,31,29,62,0
55296,62,62,0,92,31,31,30,62,0
59049,62,62,0,93,31,31,31,62,0
62208,63,63,0,94,32,31,31,63,0
65536,64,64,0,95,32,31,31,64,0
69984,65,65,0,96,32,32,31,65,0
73728,65,65,0,97,32,32,32,65,0
78732,66,66,0,98,32,32,33,66,0
82944,67,67,0,99,33,32,33,67,0
93312,67,67,0,100,33,33,33,67,0
98304,68,68,0,101,33,34,34,68,0
104976,69,69,0,102,33,34,35,69,0
110592,69,69,0,103,34,34,35,69,0
118098,70,70,0,104,35,34,35,70,0
124416,70,70,0,105,35,35,35,70,0
131072,71,71,0,106,35,35,35,71,0
139968,72,72,0,107,35,35,36,72,0
147456,73,73,0,108,36,35,36,73,0
157464,74,74,0,109,37,35,36,74,0
165888,74,74,0,110,37,36,36,74,0
177147,75,75,0,111,37,37,36,75,0
186624,75,75,0,112,37,37,37,75,0
196608,76,76,0,113,38,37,38,76,0
209952,77,77,0,114,39,37,38,77,0
221184,77,77,0,115,39,38,38,77,0
236196,78,78,0,116,39,39,38,78,0
248832,78,78,0,117,39,39,39,78,0
262144,79,79,0,118,39,39,39,79,0
279936,80,80,0,119,40,39,39,80,0
294912,81,81,0,120,40,40,39,81,0
314928,82,82,0,121,40,41,39,82,0
331776,82,82,0,122,40,41,40,82,0
354294,83,83,0,123,40,41,41,83,0
373248,83,83,0,124,41,41,41,83,0
393216,84,84,0,125,42,42,41,84,0
419904,85,85,0,126,42,43,41,85,0
442368,85,85,0,127,42,43,42,85,0
472392,86,86,0,128,42,43,43,86,0
497664,86,86,0,129,43,43,43,86,0
524288,87,87,0,130,43,43,43,87,0
531441,88,88,0,131,44,43,43,88,0
559872,89,89,0,132,44,44,43,89,0
589824,89,89,0,133,44,44,44,89,0
629856,90,90,0,134,44,44,45,90,0
663552,91,91,0,135,45,44,45,91,0
708588,92,92,0,136,46,44,45,92,0
746496,92,92,0,137,46,45,45,92,0
786432,93,92,1,138,46,46,46,93,0
839808,93,93,0,139,46,46,47,93,0
884736,94,94,0,140,47,46,47,94,0
944784,95,95,0,141,48,46,47,95,0
995328,95,95,0,142,48,47,47,95,0
1048576,96,96,0,143,48,47,47,96,0
1062882,97,97,0,144,48,48,47,97,0
1119744,97,97,0,145,48,48,48,97,0
1179648,98,98,0,146,49,48,48,98,0
1259712,99,99,0,147,50,48,48,99,0
1327104,100,100,0,148,50,49,48,100,0
1417176,101,101,0,149,50,50,48,101,0
1492992,101,101,0,150,50,50,49,101,0
1572864,101,101,0,151,51,50,50,101,0
1594323,102,102,0,152,51,50,51,102,0
1679616,103,103,0,153,52,50,51,103,0
1769472,103,103,0,154,52,51,51,103,0
1889568,104,104,0,155,52,52,51,104,0
1990656,104,104,0,156,52,52,52,104,0
2097152,105,105,0,157,52,52,52,105,0
2125764,106,106,0,158,52,52,53,106,0
2239488,107,107,0,159,53,52,53,107,0
2359296,107,107,0,160,53,53,53,107,0
2519424,108,108,0,161,53,54,53,108,0
2654208,109,109,0,162,53,54,54,109,0
2834352,110,110,0,163,53,54,55,110,0
2985984,110,110,0,164,54,54,55,110,0
3145728,111,110,1,165,55,55,55,111,0
3188646,112,111,1,166,56,55,55,112,0
3359232,112,112,0,167,56,56,55,112,0
3538944,112,112,0,168,56,56,56,112,0
3779136,113,113,0,169,56,56,57,113,0
3981312,114,114,0,170,57,56,57,114,0
4194304,115,115,0,171,57,56,57,115,0
4251528,116,116,0,172,58,56,57,116,0
4478976,116,116,0,173,58,57,57,116,0
4718592,117,117,0,174,58,57,58,117,0
4782969,117,117,0,175,58,58,58,117,0
5038848,118,118,0,176,58,58,59,118,0
5308416,119,119,0,177,59,58,59,119,0
5668704,120,120,0,178,60,58,59,120,0
5971968,120,120,0,179,60,59,59,120,0
6291456,121,120,1,180,60,60,60,121,0
6377292,122,121,1,181,60,61,60,122,0
6718464,122,122,0,182,60,61,61,122,0
7077888,122,122,0,183,61,61,61,122,0
7558272,123,123,0,184,62,61,61,123,0
7962624,124,124,0,185,62,62,61,124,0
8388608,125,125,0,186,62,62,61,125,0
8503056,126,126,0,187,62,63,61,126,0
8957952,126,126,0,188,62,63,62,126,0
9437184,127,127,0,189,63,63,62,127,0
9565938,127,127,0,190,63,63,63,127,0
10077696,128,128,0,191,64,63,63,128,0
10616832,129,129,0,192,64,64,63,129,0
11337408,130,130,0,193,64,65,63,130,0
11943936,130,130,0,194,64,65,64,130,0
12582912,131,130,1,195,65,65,65,131,0
12754584,132,131,1,196,65,65,66,132,0
13436928,132,132,0,197,66,65,66,132,0
14155776,132,132,0,198,66,66,66,132,0
14348907,133,133,0,199,67,66,66,133,0
15116544,134,134,0,200,67,67,66,134,0
15925248,134,134,0,201,67,67,67,134,0
16777216,135,135,0,202,67,67,67,135,0
17006112,136,136,0,203,67,67,68,136,0
17915904,137,137,0,204,68,67,68,137,0
18874368,137,137,0,205,68,68,68,137,0
19131876,138,138,0,206,69,68,68,138,0
20155392,139,139,0,207,69,69,68,139,0
21233664,139,139,0,208,69,69,69,139,0
22674816,140,140,0,209,69,69,70,140,0
23887872,141,141,0,210,70,69,70,141,0
25165824,142,141,1,211,71,70,70,142,0
25509168,143,142,1,212,72,70,70,143,0
26873856,143,143,0,213,72,71,70,143,0
28311552,143,143,0,214,72,71,71,143,0
28697814,144,144,0,215,72,72,71,144,0
30233088,144,144,0,216,72,72,72,144,0
31850496,145,145,0,217,73,72,72,145,0
33554432,146,146,0,218,73,72,72,146,0
34012224,147,147,0,219,74,72,72,147,0
35831808,148,148,0,220,74,73,72,148,0
37748736,148,148,0,221,74,73,73,148,0
38263752,149,149,0,222,74,74,73,149,0
40310784,149,149,0,223,74,74,74,149,0
42467328,150,150,0,224,75,74,74,150,0
43046721,151,151,0,225,75,74,75,151,0
45349632,152,152,0,226,76,74,75,152,0
47775744,152,152,0,227,76,75,75,152,0
50331648,153,152,1,228,76,76,76,153,0
51018336,154,153,1,229,76,77,76,154,0
53747712,154,154,0,230,76,77,77,154,0
56623104,154,154,0,231,77,77,77,154,0
57395628,155,155,0,232,77,77,78,155,0
60466176,156,156,0,233,78,77,78,156,0
63700992,156,156,0,234,78,78,78,156,0
67108864,157,157,0,235,78,78,78,157,0
68024448,158,158,0,236,78,79,78,158,0
71663616,159,159,0,237,78,79,79,159,0
75497472,159,159,0,238,79,79,79,159,0
76527504,160,160,0,239,79,79,80,160,0
80621568,161,161,0,240,80,79,80,161,0
84934656,161,161,0,241,80,80,80,161,0
86093442,162,162,0,242,81,80,80,162,0
90699264,163,163,0,243,81,81,80,163,0
95551488,163,163,0,244,81,81,81,163,0
100663296,164,164,0,245,82,81,82,164,0
102036672,165,165,0,246,82,81,83,165,0
107495424,166,166,0,247,83,81,83,166,0
113246208,166,166,0,248,83,82,83,166,0
114791256,167,167,0,249,84,82,83,167,0
120932352,167,167,0,250,84,83,83,167,0
127401984,168,168,0,251,84,83,84,168,0
129140163,168,168,0,252,84,84,84,168,0
134217728,169,169,0,253,84,84,84,169,0
136048896,170,170,0,254,84,84,85,170,0
143327232,171,171,0,255,85,84,85,171,0
150994944,171,171,0,256,85,85,85,171,0
153055008,172,172,0,257,86,85,85,172,0
161243136,173,173,0,258,86,86,85,173,0
169869312,173,173,0,259,86,86,86,173,0
172186884,174,174,0,260,86,87,86,174,0
181398528,175,175,0,261,86,87,87,175,0
191102976,175,175,0,262,87,87,87,175,0
201326592,176,176,0,263,88,88,87,176,0
204073344,177,177,0,264,89,88,87,177,0
214990848,178,178,0,265,89,89,87,178,0
226492416,178,178,0,266,89,89,88,178,0
229582512,179,179,0,267,89,90,88,179,0
241864704,179,179,0,268,89,90,89,179,0
254803968,180,180,0,269,90,90,89,180,0
258280326,180,180,0,270,90,90,90,180,0
268435456,181,181,0,271,90,90,90,181,0
272097792,182,182,0,272,91,90,90,182,0
286654464,183,183,0,273,91,91,90,183,0
301989888,183,183,0,274,91,91,91,183,0
306110016,184,184,0,275,91,92,91,184,0
322486272,185,185,0,276,91,92,92,185,0
339738624,185,185,0,277,92,92,92,185,0
344373768,186,186,0,278,92,92,93,186,0
362797056,187,187,0,279,93,92,93,187,0
382205952,187,187,0,280,93,93,93,187,0
387420489,188,188,0,281,94,93,93,188,0
402653184,189,188,1,282,94,94,94,189,0
408146688,190,189,1,283,94,95,94,190,0
429981696,190,190,0,284,94,95,95,190,0
452984832,190,190,0,285,95,95,95,190,0
459165024,191,191,0,286,95,95,96,191,0
483729408,192,192,0,287,96,95,96,192,0
509607936,192,192,0,288,96,96,96,192,0
516560652,193,193,0,289,97,96,96,193,0
536870912,194,194,0,290,97,96,96,194,0
544195584,195,195,0,291,97,97,96,195,0
573308928,195,195,0,292,97,97,97,195,0
603979776,196,196,0,293,98,97,97,196,0
612220032,197,197,0,294,98,97,98,197,0
644972544,198,198,0,295,99,97,98,198,0
679477248,198,198,0,296,99,98,98,198,0
688747536,199,199,0,297,100,98,98,199,0
725594112,200,200,0,298,100,99,98,200,0
764411904,200,200,0,299,100,99,99,200,0
774840978,201,201,0,300,100,100,99,201,0
805306368,201,201,0,301,101,100,100,201,0
816293376,202,202,0,302,101,100,101,202,0
859963392,203,203,0,303,102,100,101,203,0
905969664,203,203,0,304,102,101,101,203,0
918330048,204,204,0,305,103,101,101,204,0
967458816,205,205,0,306,103,102,101,205,0
1019215872,205,205,0,307,103,102,102,205,0
1033121304,206,206,0,308,103,103,102,206,0
1073741824,207,207,0,309,103,103,102,207,0
1088391168,207,207,0,310,103,103,103,207,0
1146617856,208,208,0,311,104,103,103,208,0
1162261467,209,209,0,312,104,103,104,209,0
1207959552,209,209,0,313,104,104,104,209,0
1224440064,210,210,0,314,105,104,104,210,0
1289945088,211,211,0,315,105,105,104,211,0
1358954496,211,211,0,316,105,105,105,211,0
1377495072,212,212,0,317,105,106,105,212,0
1451188224,213,213,0,318,105,106,106,213,0
1528823808,213,213,0,319,106,106,106,213,0
1549681956,214,214,0,320,106,106,107,214,0
1610612736,215,214,1,321,107,107,107,215,0
1632586752,216,215,1,322,108,107,107,216,0
1719926784,216,216,0,323,108,108,107,216,0
1811939328,216,216,0,324,108,108,108,216,0
1836660096,217,217,0,325,108,109,108,217,0
1934917632,218,218,0,326,108,109,109,218,0
2038431744,218,218,0,327,109,109,109,218,0
2066242608,219,219,0,328,109,109,110,219,0
2147483648,220,220,0,329,109,109,110,220,0
2176782336,221,221,0,330,110,109,110,221,0
2293235712,221,221,0,331,110,110,110,221,0
2324522934,222,222,0,332,111,110,110,222,0
2415919104,223,223,0,333,111,110,111,223,0
2448880128,223,223,0,334,111,111,111,223,0
2579890176,224,224,0,335,111,111,112,224,0
2717908992,225,225,0,336,112,111,112,225,0
2754990144,226,226,0,337,112,111,113,226,0
2902376448,227,227,0,338,113,111,113,227,0
3057647616,227,227,0,339,113,112,113,227,0
3099363912,228,228,0,340,114,112,113,228,0
3221225472,228,228,0,341,114,113,114,228,0
3265173504,229,228,1,342,114,114,114,229,0
3439853568,229,229,0,343,114,114,115,229,0
3486784401,230,230,0,344,114,115,115,230,0
3623878656,230,230,0,345,115,115,115,230,0
3673320192,231,231,0,346,115,115,116,231,0
3869835264,232,232,0,347,116,115,116,232,0
4076863488,232,232,0,348,116,116,116,232,0
4132485216,233,233,0,349,117,116,116,233,0
4294967296,234,234,0,350,117,116,116,234,0
4353564672,235,235,0,351,117,117,116,235,0
4586471424,235,235,0,352,117,117,117,235,0
4649045868,236,236,0,353,117,118,117,236,0
4831838208,237,237,0,354,118,118,117,237,0
4897760256,237,237,0,355,118,118,118,237,0
5159780352,238,238,0,356,119,118,118,238,0
5435817984,239,239,0,357,119,119,118,239,0
5509980288,240,240,0,358,120,119,118,240,0
5804752896,241,241,0,359,120,120,118,241,0
6115295232,241,241,0,360,120,120,119,241,0
6198727824,242,242,0,361,120,121,119,242,0
6442450944,242,242,0,362,121,121,120,242,0
6530347008,243,242,1,363,121,121,121,243,0
6879707136,243,243,0,364,122,121,121,243,0
6973568802,244,244,0,365,122,121,122,244,0
7247757312,244,244,0,366,122,122,122,244,0
7346640384,245,245,0,367,123,122,122,245,0
7739670528,246,246,0,368,123,123,122,246,0
8153726976,246,246,0,369,123,123,123,246,0
8264970432,247,247,0,370,123,124,123,247,0
8589934592,248,248,0,371,123,124,123,248,0
8707129344,249,249,0,372,123,124,124,249,0
9172942848,249,249,0,373,124,124,124,249,0
9298091736,250,250,0,374,124,124,125,250,0
9663676416,251,251,0,375,124,125,125,251,0
9795520512,251,251,0,376,125,125,125,251,0
10319560704,252,252,0,377,125,126,125,252,0
10460353203,253,253,0,378,126,126,125,253,0
10871635968,253,253,0,379,126,126,126,253,0
11019960576,254,254,0,380,126,127,126,254,0
11609505792,255,255,0,381,126,127,127,255,0
12230590464,255,255,0,382,127,127,127,255,0
12397455648,256,256,0,383,127,127,128,256,0
12884901888,257,256,1,384,128,128,128,257,0
13060694016,258,257,1,385,129,128,128,258,0
13759414272,258,258,0,386,129,129,128,258,0
13947137604,259,259,0,387,130,129,128,259,0
14495514624,259,259,0,388,130,129,129,259,0
14693280768,260,260,0,389,130,130,129,260,0
15479341056,260,260,0,390,130,130,130,260,0
16307453952,261,261,0,391,131,130,130,261,0
16529940864,262,262,0,392,131,130,131,262,0
17179869184,263,263,0,393,131,130,131,263,0
17414258688,264,264,0,394,132,130,131,264,0
18345885696,264,264,0,395,132,131,131,264,0
18596183472,265,265,0,396,133,131,131,265,0
19327352832,266,266,0,397,133,131,132,266,0
19591041024,266,266,0,398,133,132,132,266,0
20639121408,267,267,0,399,133,132,133,267,0
20920706406,267,267,0,400,133,133,133,267,0
21743271936,268,268,0,401,134,133,133,268,0
22039921152,269,269,0,402,134,133,134,269,0
23219011584,270,270,0,403,135,133,134,270,0
24461180928,270,270,0,404,135,134,134,270,0
24794911296,271,271,0,405,136,134,134,271,0
25769803776,272,271,1,406,136,135,135,272,0
26121388032,273,272,1,407,136,136,135,273,0
27518828544,273,272,1,408,136,136,136,273,0
27894275208,274,273,1,409,136,137,136,274,0
28991029248,274,274,0,410,137,137,136,274,0
29386561536,274,274,0,411,137,137,137,274,0
30958682112,275,275,0,412,138,137,137,275,0
31381059609,276,276,0,413,138,137,138,276,0
32614907904,276,276,0,414,138,138,138,276,0
33059881728,277,277,0,415,139,138,138,277,0
34359738368,278,278,0,416,139,138,138,278,0
34828517376,279,279,0,417,139,139,138,279,0
36691771392,279,279,0,418,139,139,139,279,0
37192366944,280,280,0,419,139,140,139,280,0
38654705664,281,281,0,420,140,140,139,281,0
39182082048,281,281,0,421,140,140,140,281,0
41278242816,282,282,0,422,141,140,140,282,0
41841412812,283,283,0,423,141,140,141,283,0
43486543872,283,283,0,424,141,141,141,283,0
44079842304,284,284,0,425,142,141,141,284,0
46438023168,285,285,0,426,142,142,141,285,0
48922361856,285,285,0,427,142,142,142,285,0
49589822592,286,286,0,428,142,143,142,286,0
51539607552,287,286,1,429,143,143,143,287,0
52242776064,288,287,1,430,143,143,144,288,0
55037657088,288,288,0,431,144,143,144,288,0
55788550416,289,289,0,432,144,143,145,289,0
57982058496,289,289,0,433,144,144,145,289,0
58773123072,290,290,0,434,145,144,145,290,0
61917364224,290,290,0,435,145,145,145,290,0
62762119218,291,291,0,436,146,145,145,291,0
65229815808,292,292,0,437,146,145,146,292,0
66119763456,292,292,0,438,146,146,146,292,0
68719476736,293,293,0,439,146,146,146,293,0
69657034752,294,294,0,440,146,146,147,294,0
73383542784,295,295,0,441,147,146,147,295,0
74384733888,296,296,0,442,147,146,148,296,0
77309411328,296,296,0,443,147,147,148,296,0
78364164096,297,297,0,444,148,147,148,297,0
82556485632,297,297,0,445,148,148,148,297,0
83682825624,298,298,0,446,149,148,148,298,0
86973087744,299,299,0,447,149,148,149,299,0
88159684608,299,299,0,448,149,149,149,299,0
92876046336,300,300,0,449,149,149,150,300,0
94143178827,301,301,0,450,149,150,150,301,0
97844723712,301,301,0,451,150,150,150,301,0
99179645184,302,302,0,452,150,150,151,302,0
103079215104,303,302,1,453,151,151,151,303,0
104485552128,304,303,1,454,152,151,151,304,0
110075314176,304,304,0,455,152,152,151,304,0
111577100832,305,305,0,456,153,152,151,305,0
115964116992,305,305,0,457,153,152,152,305,0
117546246144,306,306,0,458,153,153,152,306,0
123834728448,306,306,0,459,153,153,153,306,0
125524238436,307,307,0,460,153,154,153,307,0
130459631616,308,308,0,461,154,154,153,308,0
132239526912,308,308,0,462,154,154,154,308,0
137438953472,309,309,0,463,154,154,154,309,0
139314069504,310,310,0,464,155,154,154,310,0
146767085568,311,311,0,465,155,155,154,311,0
148769467776,312,312,0,466,156,155,154,312,0
154618822656,312,312,0,467,156,155,155,312,0
156728328192,313,313,0,468,156,156,155,313,0
165112971264,313,313,0,469,156,156,156,313,0
167365651248,314,314,0,470,156,157,156,314,0
173946175488,315,315,0,471,157,157,156,315,0
176319369216,315,315,0,472,157,157,157,315,0
185752092672,316,316,0,473,158,157,157,316,0
188286357654,317,317,0,474,158,157,158,317,0
195689447424,317,317,0,475,158,158,158,317,0
198359290368,318,318,0,476,159,158,158,318,0
206158430208,319,318,1,477,159,159,159,319,0
208971104256,320,319,1,478,159,160,159,320,0
220150628352,320,320,0,479,159,160,160,320,0
223154201664,321,321,0,480,159,161,160,321,0
231928233984,321,321,0,481,160,161,160,321,0
235092492288,322,322,0,482,160,161,161,322,0
247669456896,322,322,0,483,161,161,161,322,0
251048476872,323,323,0,484,161,161,162,323,0
260919263232,324,324,0,485,161,162,162,324,0
264479053824,324,324,0,486,162,162,162,324,0
274877906944,325,325,0,487,162,162,162,325,0
278628139008,326,326,0,488,162,163,162,326,0
282429536481,327,327,0,489,163,163,162,327,0
293534171136,327,327,0,490,163,163,163,327,0
297538935552,328,328,0,491,163,164,163,328,0
309237645312,329,329,0,492,164,164,163,329,0
313456656384,329,329,0,493,164,164,164,329,0
330225942528,330,330,0,494,165,164,164,330,0
334731302496,331,331,0,495,165,164,165,331,0
347892350976,331,331,0,496,165,165,165,331,0
352638738432,332,332,0,497,166,165,165,332,0
371504185344,333,333,0,498,166,166,165,333,0
376572715308,334,334,0,499,167,166,165,334,0
391378894848,334,334,0,500,167,166,166,334,0
396718580736,335,335,0,501,167,167,166,335,0
412316860416,335,335,0,502,168,167,167,335,0
417942208512,336,336,0,503,168,167,168,336,0
440301256704,337,337,0,504,169,167,168,337,0
446308403328,338,338,0,505,169,167,169,338,0
463856467968,338,338,0,506,169,168,169,338,0
470184984576,339,339,0,507,170,168,169,339,0
495338913792,339,339,0,508,170,169,169,339,0
502096953744,340,340,0,509,171,169,169,340,0
521838526464,341,341,0,510,171,169,170,341,0
528958107648,341,341,0,511,171,170,170,341,0
549755813888,342,342,0,512,171,170,170,342,0
557256278016,343,343,0,513,171,170,171,343,0
564859072962,343,343,0,514,171,171,171,343,0
587068342272,344,344,0,515,172,171,171,344,0
595077871104,345,345,0,516,172,171,172,345,0
618475290624,345,345,0,517,172,172,172,345,0
626913312768,346,346,0,518,173,172,172,346,0
660451885056,347,347,0,519,173,173,172,347,0
669462604992,348,348,0,520,174,173,172,348,0
695784701952,348,348,0,521,174,173,173,348,0
705277476864,349,349,0,522,174,174,173,349,0
743008370688,349,349,0,523,174,174,174,349,0
753145430616,350,350,0,524,174,175,174,350,0
782757789696,351,351,0,525,175,175,174,351,0
793437161472,351,351,0,526,175,175,175,351,0
824633720832,352,352,0,527,176,176,175,352,0
835884417024,353,353,0,528,177,176,175,353,0
847288609443,354,353,1,529,177,176,176,354,0
880602513408,354,354,0,530,177,177,176,354,0
892616806656,355,355,0,531,178,177,176,355,0
927712935936,355,355,0,532,178,177,177,355,0
940369969152,356,356,0,533,178,178,177,356,0
990677827584,356,356,0,534,178,178,178,356,0
1004193907488,357,357,0,535,178,179,178,357,0
1043677052928,358,358,0,536,179,179,178,358,0
1057916215296,358,358,0,537,179,179,179,358,0
1099511627776,359,359,0,538,179,179,179,359,0
1114512556032,360,360,0,539,180,179,179,360,0
1129718145924,361,361,0,540,180,179,180,361,0
1174136684544,361,361,0,541,180,180,180,361,0
1190155742208,362,362,0,542,181,180,180,362,0
1236950581248,363,363,0,543,181,180,181,363,0
1253826625536,363,363,0,544,181,181,181,363,0
1320903770112,364,364,0,545,181,181,182,364,0
1338925209984,365,365,0,546,181,182,182,365,0
1391569403904,365,365,0,547,182,182,182,365,0
1410554953728,366,366,0,548,182,182,183,366,0
1486016741376,367,367,0,549,183,182,183,367,0
1506290861232,368,368,0,550,183,182,184,368,0
1565515579392,368,368,0,551,183,183,184,368,0
1586874322944,369,369,0,552,184,183,184,369,0
1649267441664,369,369,0,553,184,184,185,369,0
1671768834048,370,370,0,554,184,185,185,370,0
1694577218886,371,370,1,555,185,185,185,371,0
1761205026816,371,371,0,556,185,185,186,371,0
1785233613312,372,372,0,557,185,186,186,372,0
1855425871872,372,372,0,558,186,186,186,372,0
1880739938304,373,373,0,559,186,186,187,373,0
1981355655168,374,374,0,560,187,186,187,374,0
2008387814976,375,375,0,561,187,186,188,375,0
2087354105856,375,375,0,562,187,187,188,375,0
2115832430592,376,376,0,563,188,187,188,376,0
2199023255552,377,377,0,564,188,187,188,377,0
2229025112064,377,377,0,565,188,188,188,377,0
2259436291848,378,378,0,566,189,188,188,378,0
2348273369088,379,379,0,567,189,188,189,379,0
2380311484416,379,379,0,568,189,189,189,379,0
2473901162496,380,380,0,569,190,189,189,380,0
2507653251072,381,381,0,570,190,189,190,381,0
2541865828329,381,381,0,571,190,190,190,381,0
2641807540224,382,382,0,572,191,190,190,382,0
2677850419968,383,383,0,573,191,190,191,383,0
2783138807808,383,383,0,574,191,191,191,383,0
2821109907456,384,384,0,575,192,191,191,384,0
2972033482752,385,385,0,576,192,192,191,385,0
3012581722464,386,386,0,577,193,192,191,386,0
3131031158784,386,386,0,578,193,192,192,386,0
3173748645888,387,387,0,579,193,193,192,387,0
3298534883328,387,387,0,580,194,193,193,387,0
3343537668096,388,388,0,581,194,193,194,388,0
3389154437772,389,388,1,582,194,194,194,389,0
3522410053632,389,389,0,583,195,194,194,389,0
3570467226624,390,390,0,584,195,194,195,390,0
3710851743744,390,390,0,585,195,195,195,390,0
3761479876608,391,391,0,586,196,195,195,391,0
3962711310336,392,392,0,587,196,196,195,392,0
4016775629952,393,393,0,588,197,196,195,393,0
4174708211712,393,393,0,589,197,196,196,393,0
4231664861184,394,394,0,590,197,197,196,394,0
4398046511104,395,395,0,591,197,197,196,395,0
4458050224128,395,395,0,592,197,197,197,395,0
4518872583696,396,396,0,593,197,198,197,396,0
4696546738176,397,397,0,594,198,198,197,397,0
4760622968832,397,397,0,595,198,198,198,397,0
4947802324992,398,398,0,596,198,199,198,398,0
5015306502144,399,399,0,597,199,199,198,399,0
5083731656658,399,399,0,598,199,199,199,399,0
5283615080448,400,400,0,599,199,200,199,400,0
5355700839936,401,401,0,600,200,200,199,401,0
5566277615616,401,401,0,601,200,200,200,401,0
5642219814912,402,402,0,602,200,201,200,402,0
5944066965504,403,403,0,603,200,201,201,403,0
6025163444928,404,404,0,604,200,202,201,404,0
6262062317568,404,404,0,605,201,202,201,404,0
6347497291776,405,405,0,606,201,202,202,405,0
6597069766656,405,405,0,607,202,203,202,405,0
6687075336192,406,406,0,608,203,203,202,406,0
6778308875544,407,406,1,609,203,203,203,407,0
7044820107264,407,407,0,610,203,204,203,407,0
7140934453248,408,408,0,611,204,204,203,408,0
7421703487488,408,408,0,612,204,204,204,408,0
7522959753216,409,409,0,613,204,205,204,409,0
7625597484987,410,410,0,614,205,205,204,410,0
7925422620672,410,410,0,615,205,205,205,410,0
8033551259904,411,411,0,616,205,206,205,411,0
8349416423424,412,412,0,617,206,206,205,412,0
8463329722368,412,412,0,618,206,206,206,412,0
8796093022208,413,413,0,619,206,206,206,413,0
8916100448256,414,414,0,620,207,206,206,414,0
9037745167392,415,415,0,621,207,206,207,415,0
9393093476352,415,415,0,622,207,207,207,415,0
9521245937664,416,416,0,623,208,207,207,416,0
9895604649984,417,417,0,624,208,207,208,417,0
10030613004288,417,417,0,625,208,208,208,417,0
10167463313316,418,418,0,626,209,208,208,418,0
10567230160896,419,419,0,627,209,208,209,419,0
10711401679872,419,419,0,628,209,209,209,419,0
11132555231232,420,420,0,629,210,209,209,420,0
11284439629824,421,421,0,630,210,209,210,421,0
11888133931008,422,422,0,631,211,209,210,422,0
12050326889856,423,423,0,632,211,209,211,423,0
12524124635136,423,423,0,633,211,210,211,423,0
12694994583552,424,424,0,634,212,210,211,424,0
13194139533312,424,424,0,635,212,211,212,424,0
13374150672384,425,424,1,636,212,212,212,425,0
13556617751088,426,425,1,637,213,212,212,426,0
14089640214528,426,426,0,638,213,212,213,426,0
14281868906496,427,426,1,639,213,213,213,427,0
14843406974976,427,427,0,640,214,213,213,427,0
15045919506432,428,428,0,641,214,213,214,428,0
15251194969974,428,428,0,642,214,214,214,428,0
15850845241344,429,429,0,643,215,214,214,429,0
16067102519808,430,430,0,644,215,214,215,430,0
16698832846848,430,430,0,645,215,215,215,430,0
16926659444736,431,431,0,646,216,215,215,431,0
17592186044416,432,432,0,647,216,215,215,432,0
17832200896512,433,433,0,648,216,216,215,433,0
18075490334784,434,434,0,649,217,216,215,434,0
18786186952704,434,434,0,650,217,216,216,434,0
19042491875328,435,435,0,651,217,217,216,435,0
19791209299968,436,436,0,652,218,217,216,436,0
20061226008576,436,436,0,653,218,217,217,436,0
20334926626632,437,437,0,654,218,218,217,437,0
21134460321792,438,438,0,655,219,218,217,438,0
21422803359744,438,438,0,656,219,218,218,438,0
22265110462464,439,439,0,657,219,219,218,439,0
22568879259648,440,440,0,658,220,219,218,440,0
22876792454961,440,440,0,659,220,219,219,440,0
23776267862016,441,441,0,660,220,220,219,441,0
24100653779712,442,442,0,661,221,220,219,442,0
25048249270272,442,442,0,662,221,220,220,442,0
25389989167104,443,443,0,663,221,221,220,443,0
26388279066624,443,443,0,664,222,221,221,443,0
26748301344768,444,444,0,665,222,221,222,444,0
27113235502176,445,444,1,666,222,222,222,445,0
28179280429056,445,445,0,667,223,222,222,445,0
28563737812992,446,446,0,668,223,222,223,446,0
29686813949952,446,446,0,669,223,223,223,446,0
30091839012864,447,447,0,670,224,223,223,447,0
30502389939948,448,448,0,671,224,223,224,448,0
31701690482688,448,448,0,672,224,224,224,448,0
32134205039616,449,449,0,673,225,224,224,449,0
33397665693696,450,450,0,674,225,224,225,450,0
33853318889472,450,450,0,675,225,225,225,450,0
35184372088832,451,451,0,676,225,225,225,451,0
35664401793024,452,452,0,677,225,225,226,452,0
36150980669568,453,453,0,678,225,226,226,453,0
37572373905408,453,453,0,679,226,226,226,453,0
38084983750656,454,454,0,680,226,226,227,454,0
39582418599936,455,455,0,681,226,227,227,455,0
40122452017152,455,455,0,682,227,227,227,455,0
40669853253264,456,456,0,683,227,227,228,456,0
42268920643584,457,457,0,684,227,228,228,457,0
42845606719488,457,457,0,685,228,228,228,457,0
44530220924928,458,458,0,686,228,228,229,458,0
45137758519296,459,459,0,687,228,229,229,459,0
45753584909922,459,459,0,688,229,229,229,459,0
47552535724032,460,460,0,689,229,229,230,460,0
48201307559424,461,461,0,690,229,230,230,461,0
50096498540544,461,461,0,691,230,230,230,461,0
50779978334208,462,462,0,692,230,230,231,462,0
52776558133248,463,462,1,693,231,231,231,463,0
53496602689536,464,463,1,694,232,231,231,464,0
54226471004352,465,464,1,695,232,231,232,465,0
56358560858112,465,464,1,696,232,232,232,465,0
57127475625984,466,465,1,697,233,232,232,466,0
59373627899904,466,466,0,698,233,232,233,466,0
60183678025728,466,466,0,699,233,233,233,466,0
61004779879896,467,467,0,700,234,233,233,467,0
63403380965376,468,468,0,701,234,233,234,468,0
64268410079232,468,468,0,702,234,234,234,468,0
66795331387392,469,469,0,703,235,234,234,469,0
67706637778944,470,470,0,704,235,234,235,470,0
68630377364883,470,470,0,705,235,235,235,470,0
70368744177664,471,471,0,706,235,235,235,471,0
71328803586048,472,472,0,707,236,235,235,472,0
72301961339136,473,473,0,708,236,235,236,473,0
75144747810816,473,473,0,709,236,236,236,473,0
76169967501312,474,474,0,710,237,236,236,474,0
79164837199872,475,475,0,711,237,236,237,475,0
80244904034304,475,475,0,712,237,237,237,475,0
81339706506528,476,476,0,713,238,237,237,476,0
84537841287168,477,477,0,714,238,237,238,477,0
85691213438976,477,477,0,715,238,238,238,477,0
89060441849856,478,478,0,716,239,238,238,478,0
90275517038592,479,479,0,717,239,238,239,479,0
91507169819844,479,479,0,718,239,239,239,479,0
95105071448064,480,480,0,719,240,239,239,480,0
96402615118848,481,481,0,720,240,239,240,481,0
