target	theorem	source_path	statement_reviewed	first_pass_flags	definitions_checked	final_disposition	main_erdos_status_not_variant	reason	snapshot_printed_type_sha256
erdos-10	Erdos10.erdos_10	FormalConjectures/ErdosProblems/10.lean	yes	none	no	no-realistic-route-at-statement-pass	open	No concrete finite witness, elementary reduction or credible full solution identified at statement level; definitions beyond the shortlist not fully audited.	9cc4d5e3890cede91ef98d624249fb1213f46f14f10fa4602556a2276b65341a
erdos-100	Erdos100.erdos_100	FormalConjectures/ErdosProblems/100.lean	yes	none	yes	no-realistic-route-at-statement-pass	open	Distance separation uses the intended distinct distance values; uniform geometric growth still needs new mathematics.	9dcad1c30b758252490e6c13cbce2152349a29b96c218d873bdd329593270d61
erdos-1003	Erdos1003.erdos_1003	FormalConjectures/ErdosProblems/1003.lean	yes	none	no	no-realistic-route-at-statement-pass	open	Unbounded infinitude assertion; finite examples cannot settle it; no explicit negation or elementary proof route identified.	a5d8b304d5c6d2cec6436c81b6d491c4ea27096f154af1945ab9dda7e86dfd99
erdos-1004	Erdos1004.erdos_1004	FormalConjectures/ErdosProblems/1004.lean	yes	none	no	no-realistic-route-at-statement-pass	open	Uniform asymptotic/density assertion; bounded tests cannot settle it; no established full solution or exploitable edge case identified in first pass.	503a3bffbb92de75f235d0108522a56e6821a50fbca4c936ac26cce9939ddf81
erdos-1049	Erdos1049.erdos_1049	FormalConjectures/ErdosProblems/1049.lean	yes	none	no	no-realistic-route-at-statement-pass	open	Uniform statement over an unbounded family; no concrete counterexample or elementary Mathlib reduction identified at statement level.	688c19b6899886f2d07707a5bb83177930eb1df70e06fb05df3a741220799782
erdos-1056	Erdos1056.erdos_1056	FormalConjectures/ErdosProblems/1056.lean	yes	possible-definition-mismatch	yes	flag-rejected-or-low-priority	open	Nonzero modular block products prohibit crossing a multiple of p; unbounded interval locations do not supply a shortcut.	78ca963997b86fec15bec2052d8d5940ddce3e4df8289b13e506021bf4841658
erdos-1057	Erdos1057.erdos_1057	FormalConjectures/ErdosProblems/1057.lean	yes	none	no	no-realistic-route-at-statement-pass	open	Uniform asymptotic/density assertion; bounded tests cannot settle it; no established full solution or exploitable edge case identified in first pass.	b441cb2266bb741cc7719866bad072e29fe00dd31ce665526d1421f82765ed7f
erdos-1060-parts-ii	Erdos1060.erdos_1060.parts.ii	FormalConjectures/ErdosProblems/1060.lean	yes	none	no	no-realistic-route-at-statement-pass	open	Uniform asymptotic/density assertion; bounded tests cannot settle it; no established full solution or exploitable edge case identified in first pass.	28449e019bb06d5609bdd1b818689429de927993a63bfd5ea292fcb0dde27a7b
erdos-1062-parts-ii	Erdos1062.erdos_1062.parts.ii	FormalConjectures/ErdosProblems/1062.lean	yes	live-status-change	no	excluded-live-solved	open	Live conjectures.io catalog marks this exact snapshot target Solved; exclude; source proof not independently replayed.	692a327f130cb0f26cf494b6f0a675fb5dd9fe7e70717198cc0b7b8f74840eb3
erdos-1068	Erdos1068.erdos_1068	FormalConjectures/ErdosProblems/1068.lean	yes	none	no	no-realistic-route-at-statement-pass	open	Unbounded infinitude assertion; finite examples cannot settle it; no explicit negation or elementary proof route identified.	399ce0cb0e1d8e0dcb2d93480bf0be092b501395a6d432363da9a09e8c5f8875
erdos-107	Erdos107.erdos_107	FormalConjectures/ErdosProblems/107.lean	yes	none	no	no-realistic-route-at-statement-pass	falsifiable	Uniform statement over an unbounded family; no concrete counterexample or elementary Mathlib reduction identified at statement level.	9e833f62767145db1b273d12dccbdd31849ea25fd1477ef5078336dd4da2278f
erdos-1072-parts-i	Erdos1072.erdos_1072.parts.i	FormalConjectures/ErdosProblems/1072.lean	yes	none	no	no-realistic-route-at-statement-pass	open	Unbounded infinitude assertion; finite examples cannot settle it; no explicit negation or elementary proof route identified.	19ea56397f04854d18c5193ad3dd64e760437ff0d569d36e92400db44313c4d7
erdos-1072-parts-ii	Erdos1072.erdos_1072.parts.ii	FormalConjectures/ErdosProblems/1072.lean	yes	none	no	no-realistic-route-at-statement-pass	open	Uniform asymptotic/density assertion; bounded tests cannot settle it; no established full solution or exploitable edge case identified in first pass.	4a984bba17b312d0b86a00b791cf0efc8351093f77fb4b8c589ca21fa9b407a3
erdos-1073	Erdos1073.erdos_1073	FormalConjectures/ErdosProblems/1073.lean	yes	none	no	no-realistic-route-at-statement-pass	open	Uniform asymptotic/density assertion; bounded tests cannot settle it; no established full solution or exploitable edge case identified in first pass.	971ab2aeefd65db6afd13960d8e800e58412191db90619cb9176773e38f17c99
erdos-1074-variants-ehsnumbers-one-half	Erdos1074.erdos_1074.variants.EHSNumbers_one_half	FormalConjectures/ErdosProblems/1074.lean	yes	none	yes	no-realistic-route-at-statement-pass	open	EHS prime condition and factorial-divisor sum match the intended density; no missing restriction found.	48d53759e6676f3b4c184c24a21fb9d5031eb19e2f525f498b5c142459db9606
erdos-108	Erdos108.erdos_108	FormalConjectures/ErdosProblems/108.lean	yes	live-status-change	no	excluded-live-solved	open	Live conjectures.io catalog marks this exact snapshot target Solved; exclude; source proof not independently replayed.	f349c3c2378bb2e2371f4aef0feadd8cce43cf0c3b3133bd8f56e02889d29278
erdos-1082-parts-i	Erdos1082.erdos_1082.parts.i	FormalConjectures/ErdosProblems/1082.lean	yes	none	no	no-realistic-route-at-statement-pass	falsifiable	Uniform statement over an unbounded family; no concrete counterexample or elementary Mathlib reduction identified at statement level.	c4d068c8f57a64df760b457dd9d5e8ebd9bcde72b6bed2a9414ec96e41aa0122
erdos-1085-variants-upper-d3	Erdos1085.erdos_1085.variants.upper_d3	FormalConjectures/ErdosProblems/1085.lean	yes	possible-definition-mismatch	yes	flag-rejected-or-low-priority	open	Exponent 4/3 is a real number in the actual source, not truncated Nat division; difficult asymptotic geometry.	ce7ab93e5fc70a7d1bdb1960e7a48d62612003b3c97b9a2de2b152d33c42ca5e
erdos-1094	Erdos1094.erdos_1094	FormalConjectures/ErdosProblems/1094.lean	yes	none	no	no-realistic-route-at-statement-pass	open	No concrete finite witness, elementary reduction or credible full solution identified at statement level; definitions beyond the shortlist not fully audited.	bcb611d242f2f81ec7e278ae59781747707ffdab37d68b297aa47932cbbe166a
erdos-1095-variants-log-istheta	Erdos1095.erdos_1095.variants.log_isTheta	FormalConjectures/ErdosProblems/1095.lean	yes	possible-definition-mismatch	yes	flag-rejected-or-low-priority	open	g(k) excludes trivial binomial zero via m>k+1; difficult asymptotic prime-factor assertion.	85c32fd93b751e742004fe29f8e7a8a6e052cf9fb63c5f371b4cc52af7f62870
erdos-1095-variants-lower-conjecture	Erdos1095.erdos_1095.variants.lower_conjecture	FormalConjectures/ErdosProblems/1095.lean	yes	possible-definition-mismatch	yes	flag-rejected-or-low-priority	open	g(k) excludes trivial binomial zero via m>k+1; difficult asymptotic prime-factor assertion.	3b18232125974d8ddd851da6e831bb069ac6d77b83b73e1704eecd9eb440aab4
erdos-11	Erdos11.erdos_11	FormalConjectures/ErdosProblems/11.lean	yes	finite-certificate-if-witness-found	yes	flag-rejected-or-low-priority	open	Finite odd integer with no squarefree-plus-two-power representation could refute, but vendor reports verification below 2^50; low priority.	b61155737b857d93c7f4beed1773f1f3188d96b56343fe90c9786700c7bd6d2e
erdos-1101-parts-i	Erdos1101.erdos_1101.parts.i	FormalConjectures/ErdosProblems/1101.lean	yes	possible-definition-mismatch	yes	flag-rejected-or-low-priority	open	Strict increase, coprimality and strict product inequality rule out starting at 0 or 1 as trivial constructions.	344197ff7fe3d37b3b4a34522d413aabaa5e4aa47f655dbf678dbe05d5fc3f1a
erdos-1106-parts-ii	Erdos1106.erdos_1106.parts.ii	FormalConjectures/ErdosProblems/1106.lean	yes	none	no	no-realistic-route-at-statement-pass	open	Uniform asymptotic/density assertion; bounded tests cannot settle it; no established full solution or exploitable edge case identified in first pass.	f6623dc6a3a756095620764c7c6e173c93bf76c34d306c03b4c2f03ab04fb7e4
erdos-1107	Erdos1107.erdos_1107	FormalConjectures/ErdosProblems/1107.lean	yes	none	no	no-realistic-route-at-statement-pass	open	Uniform asymptotic/density assertion; bounded tests cannot settle it; no established full solution or exploitable edge case identified in first pass.	5752596fff046d2ea36b0261e8b76297811f1ea31000f86f59b065f016f56c97
erdos-1108-parts-i	Erdos1108.erdos_1108.parts.i	FormalConjectures/ErdosProblems/1108.lean	yes	none	no	no-realistic-route-at-statement-pass	open	Uniform statement over an unbounded family; no concrete counterexample or elementary Mathlib reduction identified at statement level.	6596982bba6c810f4c9c4eec9c11cbda4f138cd586fdfee39d1432de3d208bf0
erdos-1113-variants-filaseta-finch-kozek	Erdos1113.erdos_1113.variants.filaseta_finch_kozek	FormalConjectures/ErdosProblems/1113.lean	yes	none	no	no-realistic-route-at-statement-pass	open	Uniform statement over an unbounded family; no concrete counterexample or elementary Mathlib reduction identified at statement level.	df91ffdb2ce03a22a4eab7bdaedbf2a324c27442dc96559362abbf743fb569d8
erdos-1135	Erdos1135.erdos_1135	FormalConjectures/ErdosProblems/1135.lean	yes	none	no	no-realistic-route-at-statement-pass	open	Uniform statement over an unbounded family; no concrete counterexample or elementary Mathlib reduction identified at statement level.	b1e2de7ab2f705e25858d1a41b800b3af67e1a25d2c1498e96d11cd4ac5b3672
erdos-1137	Erdos1137.erdos_1137	FormalConjectures/ErdosProblems/1137.lean	yes	none	no	no-realistic-route-at-statement-pass	open	Uniform asymptotic/density assertion; bounded tests cannot settle it; no established full solution or exploitable edge case identified in first pass.	e73209c6402e5d52f527a17abfeefbba6e901c097bfd91cd7b625ac0f5dfaeb7
erdos-1142	Erdos1142.erdos_1142	FormalConjectures/ErdosProblems/1142.lean	yes	none	no	no-realistic-route-at-statement-pass	open	Unbounded infinitude assertion; finite examples cannot settle it; no explicit negation or elementary proof route identified.	ee3bdcb024587638432fa3b8d515a50eb78ae7459a338a1566d6665ee5643a47
erdos-1175	Erdos1175.erdos_1175	FormalConjectures/ErdosProblems/1175.lean	yes	none	no	no-realistic-route-at-statement-pass	open	Uniform statement over an unbounded family; no concrete counterexample or elementary Mathlib reduction identified at statement level.	1ea1aa3066d332f0a83d728a5bdd150a08a3b62443d74d5103d51081ee0c711c
erdos-1192	Erdos1192.erdos_1192	FormalConjectures/ErdosProblems/1192.lean	yes	none	no	no-realistic-route-at-statement-pass	open	Uniform asymptotic/density assertion; bounded tests cannot settle it; no established full solution or exploitable edge case identified in first pass.	3f0187c7daae8bad976481af5f09c7ec9166fc443b8e0e1eb7997252a9414741
erdos-120	Erdos120.erdos_120	FormalConjectures/ErdosProblems/120.lean	yes	none	no	no-realistic-route-at-statement-pass	open	Unbounded infinitude assertion; finite examples cannot settle it; no explicit negation or elementary proof route identified.	9123836070240f8e4cbde7e9e5724a1d2595149c0a602b7aa4c4ef38496fe261
erdos-1203	Erdos1203.erdos_1203	FormalConjectures/ErdosProblems/1203.lean	yes	none	no	no-realistic-route-at-statement-pass	open	Uniform asymptotic/density assertion; bounded tests cannot settle it; no established full solution or exploitable edge case identified in first pass.	5fb1204fa7ef7c3535f1e0fe8c582ea155bf88c13634a062db09c86a65c0a383
erdos-1209-parts-iii-d	Erdos1209.erdos_1209.parts.iii.d	FormalConjectures/ErdosProblems/1209.lean	yes	none	yes	no-realistic-route-at-statement-pass	open	Existential n still asks for infinitely many squarefree shifted double-exponential terms; n=0 fails and finite samples cannot settle infinitude.	54c831c701b1e1c1a310dd8f7f0dda796a0b3ff1fc2c60f198996fce16611ca3
erdos-124-erdos124-ne-zero	Erdos124.erdos124.ne_zero	FormalConjectures/ErdosProblems/124.lean	yes	none	no	no-realistic-route-at-statement-pass	open	Uniform asymptotic/density assertion; bounded tests cannot settle it; no established full solution or exploitable edge case identified in first pass.	e8384dccda4310088c91a2bb298167439f4f37295c3f07e960679fe2f28a2f31
erdos-126-variants-islittleo	Erdos126.erdos_126.variants.isLittleO	FormalConjectures/ErdosProblems/126.lean	yes	none	yes	no-realistic-route-at-statement-pass	proved (Lean)	Main problem 126 is proved (Lean), but this selected little-o strengthening is a different target and remains open.	38a50bc25ca62df5760375d4647ed88d3937cfecbdfbf4391bb77db9ea7af456
erdos-128	Erdos128.erdos_128	FormalConjectures/ErdosProblems/128.lean	yes	finite-certificate-if-witness-found;possible-definition-mismatch	yes	ranked-4	falsifiable	Finite triangle-free sparse-half violation would refute; actual half is floor(n/2); no circulant counterexample through order 24.	58b4989f07d7e1b7abf6e22d65011119e71d0f5a4228c1b175b39523d98a7cef
erdos-137-variants-multiple-powerful-factors	Erdos137.erdos_137.variants.multiple_powerful_factors	FormalConjectures/ErdosProblems/137.lean	yes	none	no	no-realistic-route-at-statement-pass	open	Uniform asymptotic/density assertion; bounded tests cannot settle it; no established full solution or exploitable edge case identified in first pass.	acb3110372962a0a21e5e58853bf6d3909a135d8e78e5e916f7e723b7bcf29b0
erdos-138	Erdos138.erdos_138	FormalConjectures/ErdosProblems/138.lean	yes	none	no	no-realistic-route-at-statement-pass	open	Uniform asymptotic/density assertion; bounded tests cannot settle it; no established full solution or exploitable edge case identified in first pass.	222112acf04e3b0ee711216bf31bfd00b2d4eaf4d8658c86f5bb2f4c0c905041
erdos-14-parts-i	Erdos14.erdos_14.parts.i	FormalConjectures/ErdosProblems/14.lean	yes	live-status-change	no	excluded-live-solved	open	Live conjectures.io catalog marks this exact snapshot target Solved; exclude; source proof not independently replayed.	47afb9b7d04b4d7f328394c81eed080337ea95049193a632f98ac0fef5021725
erdos-14-parts-ii	Erdos14.erdos_14.parts.ii	FormalConjectures/ErdosProblems/14.lean	yes	live-status-change	no	excluded-live-solved	open	Live conjectures.io catalog marks this exact snapshot target Solved; exclude; source proof not independently replayed.	10712154d9c4a071a98daf0a88db518c113f1cc2d8643f069f4483f54290e54b
erdos-141-variants-eleven	Erdos141.erdos_141.variants.eleven	FormalConjectures/ErdosProblems/141.lean	yes	finite-certificate-if-witness-found;possible-definition-mismatch	yes	ranked-10	open	Need eleven consecutive primes in AP, including primality and exclusion of all intervening integers; CPAP10 does not qualify.	8e63bbfbe48a81e8ae11e8f812cc855ac3d37381ced6e7c1c57cbd112f0ae792
erdos-142-variants-lower	Erdos142.erdos_142.variants.lower	FormalConjectures/ErdosProblems/142.lean	yes	none	no	no-realistic-route-at-statement-pass	open	Uniform asymptotic/density assertion; bounded tests cannot settle it; no established full solution or exploitable edge case identified in first pass.	1f96dc3a5389176048fc6d96a716010bf06ed0e1ab0d80e65de046288e925d92
erdos-143-parts-ii	Erdos143.erdos_143.parts.ii	FormalConjectures/ErdosProblems/143.lean	yes	possible-definition-mismatch	yes	flag-rejected-or-low-priority	open	Summation is over the subtype A; A lies above 1 and obeys separation; no domain or logarithm-zero shortcut.	346d633c369041dc5404e9a263d5f85e714ec61add8ad67cbe7db424e5456007
erdos-145	Erdos145.erdos_145	FormalConjectures/ErdosProblems/145.lean	yes	none	no	no-realistic-route-at-statement-pass	open	Uniform asymptotic/density assertion; bounded tests cannot settle it; no established full solution or exploitable edge case identified in first pass.	1fa40f8d2b5bc2b1bd04ad936ae74f6a338ef0871b79948ebcdf338e3cca1e56
erdos-153	Erdos153.erdos_153	FormalConjectures/ErdosProblems/153.lean	yes	none	no	no-realistic-route-at-statement-pass	open	Uniform asymptotic/density assertion; bounded tests cannot settle it; no established full solution or exploitable edge case identified in first pass.	3d80ad9328788616b1f7adf9b48ff9f200621f1e67d68eb3e9a001aeae5c3bdd
erdos-155	Erdos155.erdos_155	FormalConjectures/ErdosProblems/155.lean	yes	none	no	no-realistic-route-at-statement-pass	open	Uniform asymptotic/density assertion; bounded tests cannot settle it; no established full solution or exploitable edge case identified in first pass.	c8ef5fadeeaf15fda630379fb21135812a89175025032271857763ce7067bea0
erdos-156	Erdos156.erdos_156	FormalConjectures/ErdosProblems/156.lean	yes	none	no	no-realistic-route-at-statement-pass	open	Uniform asymptotic/density assertion; bounded tests cannot settle it; no established full solution or exploitable edge case identified in first pass.	8956a945b5ef4eb16714ffbfae00b35caf4a9b5c8d9dd35eac3c2d436d7881ac
erdos-158	Erdos158.erdos_158	FormalConjectures/ErdosProblems/158.lean	yes	none	yes	no-realistic-route-at-statement-pass	open	B2[2] restriction is the intended bounded representation condition; asymptotic density needs new mathematics.	cd2b6ca4e702de9a55e2412436e7d86aec39a15d7d54cd1233e2b75697727ee6
erdos-168-parts-ii	Erdos168.erdos_168.parts.ii	FormalConjectures/ErdosProblems/168.lean	yes	none	no	no-realistic-route-at-statement-pass	open	Rounds 1-3 found no sufficient uniform carry theorem; mathematical obstacle remains; reject per user instruction.	d543f018b841db8a78533ea70c18bf48c8bb1668516434bdeeacfb9742a98107
erdos-17	Erdos17.erdos_17	FormalConjectures/ErdosProblems/17.lean	yes	none	no	no-realistic-route-at-statement-pass	open	Unbounded infinitude assertion; finite examples cannot settle it; no explicit negation or elementary proof route identified.	a224daa5e32b36d4b8306bea055a0551e3d3006dfc99fd430606d96b3c5dfbe9
erdos-172	Erdos172.erdos_172	FormalConjectures/ErdosProblems/172.lean	yes	none	no	no-realistic-route-at-statement-pass	open	Uniform statement over an unbounded family; no concrete counterexample or elementary Mathlib reduction identified at statement level.	a2b8eb8103aec628438a7a5d736f9c587c736a95b190d210d7462eb36ad1c814
erdos-18-b	Erdos18.erdos_18b	FormalConjectures/ErdosProblems/18.lean	yes	live-status-change	no	excluded-live-solved	open	Live conjectures.io catalog marks this exact snapshot target Solved; exclude; source proof not independently replayed.	96ba6da819e6feedd8adb40795158ac897632ccd8c3dd76f12c258f07cf0b236
erdos-184	Erdos184.erdos_184	FormalConjectures/ErdosProblems/184.lean	yes	none	no	no-realistic-route-at-statement-pass	open	Uniform asymptotic/density assertion; bounded tests cannot settle it; no established full solution or exploitable edge case identified in first pass.	abd30fa6f5c826e2a0e6b76bb98bc3522e83c0e45a4fbc3fb9650116266dadf2
erdos-196	Erdos196.erdos_196	FormalConjectures/ErdosProblems/196.lean	yes	live-status-change	no	excluded-live-solved	open	Live conjectures.io catalog marks this exact snapshot target Solved; exclude; source proof not independently replayed.	4fa70f2ac3160eb55a9a58f49c6db5657da7cb9b2ea074517c85806a5bdc1773
erdos-200	Erdos200.erdos_200	FormalConjectures/ErdosProblems/200.lean	yes	none	no	no-realistic-route-at-statement-pass	open	Uniform asymptotic/density assertion; bounded tests cannot settle it; no established full solution or exploitable edge case identified in first pass.	013233e038e0ce8fb0f030a756379c04351fe43fff96874ab81e0d483902aa2c
erdos-208-variants-log-bound	Erdos208.erdos_208.variants.log_bound	FormalConjectures/ErdosProblems/208.lean	yes	none	no	no-realistic-route-at-statement-pass	open	Uniform asymptotic/density assertion; bounded tests cannot settle it; no established full solution or exploitable edge case identified in first pass.	b760fd43a1fd86be9861ca3124bd77a004ee167d5b0f6264822b2f147a1bb94f
erdos-212	Erdos212.erdos_212	FormalConjectures/ErdosProblems/212.lean	yes	none	no	no-realistic-route-at-statement-pass	open	No concrete finite witness, elementary reduction or credible full solution identified at statement level; definitions beyond the shortlist not fully audited.	5c10d751c301015e3aa38c1bd3c1e5495098a63f7668597d5973646b613a123d
erdos-213	Erdos213.erdos_213	FormalConjectures/ErdosProblems/213.lean	yes	none	no	no-realistic-route-at-statement-pass	open	Uniform statement over an unbounded family; no concrete counterexample or elementary Mathlib reduction identified at statement level.	7af1e1b69d1a4897debd143e1a15404f51f6fe4be8fe3762f091917ffdd3e7f0
erdos-218-variants-ge	Erdos218.erdos_218.variants.ge	FormalConjectures/ErdosProblems/218.lean	yes	none	no	no-realistic-route-at-statement-pass	open	Uniform asymptotic/density assertion; bounded tests cannot settle it; no established full solution or exploitable edge case identified in first pass.	d0e0e146187ea1cf8d6245cc948d36ee795a999570b676daf808baf0b3b68ea5
erdos-218-variants-infinite-equal-prime-gap	Erdos218.erdos_218.variants.infinite_equal_prime_gap	FormalConjectures/ErdosProblems/218.lean	yes	none	no	no-realistic-route-at-statement-pass	open	Unbounded infinitude assertion; finite examples cannot settle it; no explicit negation or elementary proof route identified.	379fc4831de141205424883fcfa6f166ab91a540ca0d9e2c9a95d75a9b7e85d5
erdos-218-variants-le	Erdos218.erdos_218.variants.le	FormalConjectures/ErdosProblems/218.lean	yes	none	no	no-realistic-route-at-statement-pass	open	Uniform asymptotic/density assertion; bounded tests cannot settle it; no established full solution or exploitable edge case identified in first pass.	e97565457fc191181b3b3816b19740873ec59d434753535b09b469940ece0e8b
erdos-23	Erdos23.erdos_23	FormalConjectures/ErdosProblems/23.lean	yes	finite-certificate-if-witness-found	yes	flag-rejected-or-low-priority	falsifiable	Finite triangle-free graph whose every bipartition deletes too many edges could refute; small cases and C5 equality do not refute; no witness supplied.	f01adab11badb1b56d2e72e1d7a66c8806dcb3b7053a1289d50d41e5c5f42d2c
erdos-233	Erdos233.erdos_233	FormalConjectures/ErdosProblems/233.lean	yes	none	no	no-realistic-route-at-statement-pass	open	Uniform asymptotic/density assertion; bounded tests cannot settle it; no established full solution or exploitable edge case identified in first pass.	9cc982871de0b25cbde29f659036eb6191d378afaf671a9022a08097ad9e2196
erdos-234	Erdos234.erdos_234	FormalConjectures/ErdosProblems/234.lean	yes	none	no	no-realistic-route-at-statement-pass	open	Uniform asymptotic/density assertion; bounded tests cannot settle it; no established full solution or exploitable edge case identified in first pass.	ed2530d51c2050a0c2f115cf14b1a113d080e206b9931030c56ab84bdcc41a43
erdos-236	Erdos236.erdos_236	FormalConjectures/ErdosProblems/236.lean	yes	none	no	no-realistic-route-at-statement-pass	open	Uniform asymptotic/density assertion; bounded tests cannot settle it; no established full solution or exploitable edge case identified in first pass.	4abcb2104f712280fe94b78efd762f2e534c228230b6c93f0030f21bb80d3276
erdos-238	Erdos238.erdos_238	FormalConjectures/ErdosProblems/238.lean	yes	none	no	no-realistic-route-at-statement-pass	open	Uniform asymptotic/density assertion; bounded tests cannot settle it; no established full solution or exploitable edge case identified in first pass.	7882244c4751cb1e323f0bbbc32968b2538dc457bd9c2ebf0da8b5f2e1bb579c
erdos-241-variants-generalization	Erdos241.erdos_241.variants.generalization	FormalConjectures/ErdosProblems/241.lean	yes	none	no	no-realistic-route-at-statement-pass	open	Uniform statement over an unbounded family; no concrete counterexample or elementary Mathlib reduction identified at statement level.	3dcf34d846d9cca0ead96bdb58377b9a4ef9688214c04f30aebd64e17c3b5474
erdos-242-variants-schinzel-generalization	Erdos242.erdos_242.variants.schinzel_generalization	FormalConjectures/ErdosProblems/242.lean	yes	none	no	no-realistic-route-at-statement-pass	falsifiable	Uniform asymptotic/density assertion; bounded tests cannot settle it; no established full solution or exploitable edge case identified in first pass.	e9035fcb51e7fdb19d08e77cec88b89047780a72075f3da82947c385c07bc5c2
erdos-243	Erdos243.erdos_243	FormalConjectures/ErdosProblems/243.lean	yes	possible-definition-mismatch	yes	flag-rejected-or-low-priority	open	Summable reciprocals have codomain Q in the source, encoding a rational limit; real convergence alone is not a counterexample.	1f85058b236c657f1a7f276690e85ffd7cbaea16db1f20d4ee1f2e4fdaa542f9
erdos-244	Erdos244.erdos_244	FormalConjectures/ErdosProblems/244.lean	yes	none	no	no-realistic-route-at-statement-pass	open	Uniform asymptotic/density assertion; bounded tests cannot settle it; no established full solution or exploitable edge case identified in first pass.	30ca84782f4b03e64a5a0e813841a972b6644fe710d66456bbb791f8e3fb4ca8
erdos-247	Erdos247.erdos_247	FormalConjectures/ErdosProblems/247.lean	yes	none	no	no-realistic-route-at-statement-pass	open	Uniform asymptotic/density assertion; bounded tests cannot settle it; no established full solution or exploitable edge case identified in first pass.	7f2e89e24a987f23299418516d718da15d234878b15c196fb242cc73cbef8781
erdos-249	Erdos249.erdos_249	FormalConjectures/ErdosProblems/249.lean	yes	none	no	no-realistic-route-at-statement-pass	open	No concrete finite witness, elementary reduction or credible full solution identified at statement level; definitions beyond the shortlist not fully audited.	616ad57963f672d3288c978769112b76664a54e57fba23e146b4fe818ca1650f
erdos-25	Erdos25.erdos_25	FormalConjectures/ErdosProblems/25.lean	yes	none	no	no-realistic-route-at-statement-pass	open	Uniform statement over an unbounded family; no concrete counterexample or elementary Mathlib reduction identified at statement level.	6927cb4a202b8d86987cd5fa454ad3cc31684ac094d2d4d617d41987acf9708e
erdos-251	Erdos251.erdos_251	FormalConjectures/ErdosProblems/251.lean	yes	none	no	no-realistic-route-at-statement-pass	open	No concrete finite witness, elementary reduction or credible full solution identified at statement level; definitions beyond the shortlist not fully audited.	d2dcbab664084b848cacb127fd0300e97f8e0dc620d10340d13d3387c2c202f8
erdos-252	Erdos252.erdos_252	FormalConjectures/ErdosProblems/252.lean	yes	live-status-change	no	excluded-prior-proof	open	Live results record a verified submission rejected as already formalized elsewhere; do not pursue for reward.	2c54f5adaf45a366ee10aacb93ae33e6d8489592f0120d6fa81b1f9e78fc01af
erdos-257	Erdos257.erdos_257	FormalConjectures/ErdosProblems/257.lean	yes	recent-solution-or-partial-solution-claim	yes	ranked-15	open	2026 general-solution title is not a full proof: version 4 explicitly acknowledges missing unconditional carry domination and states a conjecture.	ce4e7efb57a1301df08bd67d12fe49c509af1f8396caa8001ce227047659aa69
erdos-263-parts-i	Erdos263.erdos_263.parts.i	FormalConjectures/ErdosProblems/263.lean	yes	none	no	no-realistic-route-at-statement-pass	open	No concrete finite witness, elementary reduction or credible full solution identified at statement level; definitions beyond the shortlist not fully audited.	e57f6b8ec59df5aa58a42850e83bc7ba1ce061fa8be1ff0e425d0cdb67763df7
erdos-264-parts-ii	Erdos264.erdos_264.parts.ii	FormalConjectures/ErdosProblems/264.lean	yes	none	no	no-realistic-route-at-statement-pass	open	No concrete finite witness, elementary reduction or credible full solution identified at statement level; definitions beyond the shortlist not fully audited.	47125cb137e2ea834a9a3e41a707ef92b8fc28406caf7f8c2bb1ebaff6b6a6e1
erdos-269-variants-irrational	Erdos269.erdos_269.variants.irrational	FormalConjectures/ErdosProblems/269.lean	yes	none	no	no-realistic-route-at-statement-pass	open	Uniform statement over an unbounded family; no concrete counterexample or elementary Mathlib reduction identified at statement level.	df80fce34d547129598fe0b4ecfbdf95fca5f65181490995461c1d1791056b4a
erdos-272-variants-szabo-strong	Erdos272.erdos_272.variants.szabo_strong	FormalConjectures/ErdosProblems/272.lean	yes	live-status-change	no	excluded-live-solved	open	Live conjectures.io catalog marks this exact snapshot target Solved; exclude; source proof not independently replayed.	767cf60a4444a3eba446b7c88789f570eae70133ed89ac7d8a3b2a84b27f7c0f
erdos-274-herzog-schonheim	Erdos274.herzog_schonheim	FormalConjectures/ErdosProblems/274.lean	yes	none	no	no-realistic-route-at-statement-pass	open	Uniform statement over an unbounded family; no concrete counterexample or elementary Mathlib reduction identified at statement level.	3ebb451e606a83c237bba5c2e261b2e96d58151a6b543eb9b9a79b9a5d280e43
erdos-28	Erdos28.erdos_28	FormalConjectures/ErdosProblems/28.lean	yes	none	no	no-realistic-route-at-statement-pass	open	Uniform asymptotic/density assertion; bounded tests cannot settle it; no established full solution or exploitable edge case identified in first pass.	4590aa0faa1bd6be26dbd979b3c0cac222a441f649d0cbb79b738c7ba6c8479a
erdos-282	Erdos282.erdos_282	FormalConjectures/ErdosProblems/282.lean	yes	none	no	no-realistic-route-at-statement-pass	open	Uniform statement over an unbounded family; no concrete counterexample or elementary Mathlib reduction identified at statement level.	f3b371f08c8e1eaf6e0bdc9f4d94186d36ebe3c58b370b7720e411af4d352bed
erdos-287	Erdos287.erdos_287	FormalConjectures/ErdosProblems/287.lean	yes	possible-definition-mismatch	yes	flag-rejected-or-low-priority	falsifiable	Finite rational witness could refute, but reported prime-chain bounds force at least 6.86e19 terms; no cheap certificate route.	d281cc5ff7170bdc0773dd6717f77022dd808b147ce42e50acadf26325016607
erdos-291-parts-i	Erdos291.erdos_291.parts.i	FormalConjectures/ErdosProblems/291.lean	yes	none	no	no-realistic-route-at-statement-pass	open	Unbounded infinitude assertion; finite examples cannot settle it; no explicit negation or elementary proof route identified.	150fca745ad2860e5452df3d3d1c2662d96c1efa0dfee41675267c990fbbcd84
erdos-291-variants-shiu-heuristic-density-zero	Erdos291.erdos_291.variants.shiu_heuristic_density_zero	FormalConjectures/ErdosProblems/291.lean	yes	none	no	no-realistic-route-at-statement-pass	open	Uniform asymptotic/density assertion; bounded tests cannot settle it; no established full solution or exploitable edge case identified in first pass.	18f43b7ec51963155592cd7cacfe2838876ee152f2f1866120ed9923e0ab8130
erdos-3	Erdos3.erdos_3	FormalConjectures/ErdosProblems/3.lean	yes	none	no	no-realistic-route-at-statement-pass	open	Unbounded infinitude assertion; finite examples cannot settle it; no explicit negation or elementary proof route identified.	2ad79e75dba3518ea04e386c3211b57910f28c20dc6f9bc1e337b99474372f45
erdos-30	Erdos30.erdos_30	FormalConjectures/ErdosProblems/30.lean	yes	none	no	no-realistic-route-at-statement-pass	open	Uniform asymptotic/density assertion; bounded tests cannot settle it; no established full solution or exploitable edge case identified in first pass.	50249a10e15d43ca5e54ddbce4a80f5669225d5f3022caef4307a7096bb069b0
erdos-304-upper-bound	Erdos304.upper_bound	FormalConjectures/ErdosProblems/304.lean	yes	none	no	no-realistic-route-at-statement-pass	open	Uniform asymptotic/density assertion; bounded tests cannot settle it; no established full solution or exploitable edge case identified in first pass.	1df1ace4cac7914480176b8459238e607892ac885f51c5ae2091064db6683822
erdos-307	Erdos307.erdos_307	FormalConjectures/ErdosProblems/307.lean	yes	finite-certificate-if-witness-found	yes	ranked-11	verifiable	Finite prime reciprocal-sum identity would prove; published necessary size/product bounds rule out cheap searches.	3f327f9a0dbe491c7cbf84681b24ac89dd16b96cba01f71b821a65c38751ba2f
erdos-313-variants-primary-pseudoperfect-are-infinite	Erdos313.erdos_313.variants.primary_pseudoperfect_are_infinite	FormalConjectures/ErdosProblems/313.lean	yes	none	no	no-realistic-route-at-statement-pass	open	Unbounded infinitude assertion; finite examples cannot settle it; no explicit negation or elementary proof route identified.	0166ad706295acbd6f697230dbe6f2d2d81af8806ec8bd2ac3b6ff56f408933a
erdos-317-variants-claim2	Erdos317.erdos_317.variants.claim2	FormalConjectures/ErdosProblems/317.lean	yes	none	no	no-realistic-route-at-statement-pass	open	Uniform asymptotic/density assertion; bounded tests cannot settle it; no established full solution or exploitable edge case identified in first pass.	b67d45d0847bd181ce6a7fbcc813cf1ba26bcc03dbb7d16959766ddd5fee4141
erdos-32	Erdos32.erdos_32	FormalConjectures/ErdosProblems/32.lean	yes	none	no	no-realistic-route-at-statement-pass	open	Uniform asymptotic/density assertion; bounded tests cannot settle it; no established full solution or exploitable edge case identified in first pass.	52c25bc2b138fbafe655a076250d08460308bd2d74fbdd40927a2cf4371d9e69
erdos-323-parts-i	Erdos323.erdos_323.parts.i	FormalConjectures/ErdosProblems/323.lean	yes	none	no	no-realistic-route-at-statement-pass	open	Uniform asymptotic/density assertion; bounded tests cannot settle it; no established full solution or exploitable edge case identified in first pass.	2d836ab2d438cb96b718ab8446942c8faf0119a2ed030bd667a4a467eaa393d9
erdos-323-parts-ii	Erdos323.erdos_323.parts.ii	FormalConjectures/ErdosProblems/323.lean	yes	none	no	no-realistic-route-at-statement-pass	open	Uniform asymptotic/density assertion; bounded tests cannot settle it; no established full solution or exploitable edge case identified in first pass.	98518655b81753275521f3262aeaf28733b530667e89b28dddaf2d8787193249
erdos-323-variants-k-gt-2	Erdos323.erdos_323.variants.k_gt_2	FormalConjectures/ErdosProblems/323.lean	yes	none	no	no-realistic-route-at-statement-pass	open	Uniform asymptotic/density assertion; bounded tests cannot settle it; no established full solution or exploitable edge case identified in first pass.	32cda489a4506f436195c99d8435580c7f0f8a148a0b1b8b5b32700bea4b18e0
erdos-324-variants-quintic	Erdos324.erdos_324.variants.quintic	FormalConjectures/ErdosProblems/324.lean	yes	finite-certificate-if-witness-found	yes	flag-rejected-or-low-priority	open	Finite collision of two unequal ordered pairs of Nat fifth powers would refute; no collision known or found here; no reason to expect a cheap one.	919bc23fb611b63a6d109b977750bfb689ef93e5934b6c8c3a7cb5e6d2f0a35d
erdos-325	Erdos325.erdos_325	FormalConjectures/ErdosProblems/325.lean	yes	none	no	no-realistic-route-at-statement-pass	open	Uniform asymptotic/density assertion; bounded tests cannot settle it; no established full solution or exploitable edge case identified in first pass.	0488bd34d467b8e1082b40e0b411058b4e37c70fcbb90f1d7fead0f2ec4e0bf6
erdos-340	Erdos340.erdos_340	FormalConjectures/ErdosProblems/340.lean	yes	none	no	no-realistic-route-at-statement-pass	open	Uniform asymptotic/density assertion; bounded tests cannot settle it; no established full solution or exploitable edge case identified in first pass.	b532b13882d0cc72b236c002163168b143d0e8c9c6b3c2fb8da173e0d005541e
erdos-340-variants-sub-hasposdensity	Erdos340.erdos_340.variants.sub_hasPosDensity	FormalConjectures/ErdosProblems/340.lean	yes	none	no	no-realistic-route-at-statement-pass	open	No concrete finite witness, elementary reduction or credible full solution identified at statement level; definitions beyond the shortlist not fully audited.	9e688939d63980c15945abd0dfd74112294c0137eac49ef2f1e7864755eef5a5
erdos-354-parts-i	Erdos354.erdos_354.parts.i	FormalConjectures/ErdosProblems/354.lean	yes	live-status-change	no	excluded-live-solved	open	Live conjectures.io catalog marks this exact snapshot target Solved; exclude; source proof not independently replayed.	3bf8a245548fe2af6c2572bff51b1224690e98b3666af7e3b1153dd143f091e8
erdos-357-parts-i	Erdos357.erdos_357.parts.i	FormalConjectures/ErdosProblems/357.lean	yes	none	yes	no-realistic-route-at-statement-pass	open	Distinct consecutive sums include the intended finite intervals; no empty-interval multiplicity shortcut.	80c8a1dc6fde6537ad3ae65efe29b16610841d8729fb900b78bff2c36d6c4a83
erdos-357-variants-infinite-set-density	Erdos357.erdos_357.variants.infinite_set_density	FormalConjectures/ErdosProblems/357.lean	yes	none	yes	no-realistic-route-at-statement-pass	open	Distinct consecutive sums include the intended finite intervals; no empty-interval multiplicity shortcut.	1afaa1fed09c0600feda09005725c2b90f90da6c4edbeb2e5ffcca0bd9d18cfb
erdos-357-variants-infinite-set-sum	Erdos357.erdos_357.variants.infinite_set_sum	FormalConjectures/ErdosProblems/357.lean	yes	none	yes	no-realistic-route-at-statement-pass	open	Distinct consecutive sums include the intended finite intervals; no empty-interval multiplicity shortcut.	0d4df877a4f5373449d9135d5f802b916cf5105fc11bc57078ef279b7dc2fd30
erdos-357-variants-monotone-parts-i	Erdos357.erdos_357.variants.monotone.parts.i	FormalConjectures/ErdosProblems/357.lean	yes	none	yes	no-realistic-route-at-statement-pass	open	Distinct consecutive sums include the intended finite intervals; no empty-interval multiplicity shortcut.	1c215dc94a1cbfa857f54071f9bed67be2cafdbc2563f7d6fca46995f97132cd
erdos-359-parts-i	Erdos359.erdos_359.parts.i	FormalConjectures/ErdosProblems/359.lean	yes	none	yes	no-realistic-route-at-statement-pass	open	Good-for sequences have the intended increasing/greedy restrictions; arbitrary dense sequences do not qualify.	cf26b8dd9fd9099fd7c2d5cbf0fd3a5f0f97a1dd6a4fe60aa992dc3c962c3d11
erdos-359-parts-ii	Erdos359.erdos_359.parts.ii	FormalConjectures/ErdosProblems/359.lean	yes	none	yes	no-realistic-route-at-statement-pass	open	Good-for sequences have the intended increasing/greedy restrictions; arbitrary dense sequences do not qualify.	2624cb369c408812b5eed31df905d69bd4cdd94dad369df41a772e20dc89dba8
erdos-359-variants-isgoodfor-1-asymptotic	Erdos359.erdos_359.variants.isGoodFor_1_asymptotic	FormalConjectures/ErdosProblems/359.lean	yes	none	yes	no-realistic-route-at-statement-pass	open	Good-for sequences have the intended increasing/greedy restrictions; arbitrary dense sequences do not qualify.	f0757aeffd1c5d1e25073fa890c7c0db0dfcdf8aed85edda2f187342f1241bc5
erdos-364	Erdos364.erdos_364	FormalConjectures/ErdosProblems/364.lean	yes	none	no	no-realistic-route-at-statement-pass	verifiable	No concrete finite witness, elementary reduction or credible full solution identified at statement level; definitions beyond the shortlist not fully audited.	db0638ddc1b897eab0a69096d0b71702f5448ca20d09d95c02fdc6e96a7d8199
erdos-364-variants-strong	Erdos364.erdos_364.variants.strong	FormalConjectures/ErdosProblems/364.lean	yes	none	no	no-realistic-route-at-statement-pass	verifiable	Uniform statement over an unbounded family; no concrete counterexample or elementary Mathlib reduction identified at statement level.	ad71a555f553c3c3adc8e089d8666b426d68f5e7539f779c991891906bad288e
erdos-366	Erdos366.erdos_366	FormalConjectures/ErdosProblems/366.lean	yes	finite-certificate-if-witness-found;possible-definition-mismatch	yes	ranked-8	verifiable	One forward 2-full n then 3-full n+1 suffices; known 8,9 and 12167,12168 are reversed.	0da1fff7cabd6bf69f586f786030cc36398459ddbd0f4d743e0d668bdb6d1b07
erdos-371	Erdos371.erdos_371	FormalConjectures/ErdosProblems/371.lean	yes	none	no	no-realistic-route-at-statement-pass	open	Uniform asymptotic/density assertion; bounded tests cannot settle it; no established full solution or exploitable edge case identified in first pass.	da0c17543375f5073612e693df4bc3be7914afa7865c42288f9d982921f30c78
erdos-373	Erdos373.erdos_373	FormalConjectures/ErdosProblems/373.lean	yes	possible-definition-mismatch;recent-solution-or-partial-solution-claim	yes	flag-rejected-or-low-priority	open	Actual factorial-index restrictions remove 0!/1! padding; 2026 full claim lacks a supplied uniform lemma; not a ready formalization.	08f0781bdb89d964f4c397e9c4e5133b97e9917ee8d70a0f6990f17eb3418292
erdos-373-variants-maximal-solution	Erdos373.erdos_373.variants.maximal_solution	FormalConjectures/ErdosProblems/373.lean	yes	finite-certificate-if-witness-found;possible-definition-mismatch;recent-solution-or-partial-solution-claim	yes	ranked-14	open	New factorial decomposition at n>16 would refute; indices greater than one prevent padding; published bound through exp(80); 2026 full claim unverified.	404f5a078222fcf18360eaa492658b9cacc8f09b576b306acc23b4eca6163daa
erdos-373-variants-suranyi	Erdos373.erdos_373.variants.suranyi	FormalConjectures/ErdosProblems/373.lean	yes	possible-definition-mismatch;recent-solution-or-partial-solution-claim	yes	flag-rejected-or-low-priority	open	Two-factor factorial counterexample would refute; restrictions exclude the trivial a=n-1 family and factorial indices zero or one; no extra solution; same difficult uniform barrier.	65c31b65c195da35fb21e99d54a9098802e9fd998275a9cf51201e3dffab5a06
erdos-375	Erdos375.erdos_375	FormalConjectures/ErdosProblems/375.lean	yes	none	no	no-realistic-route-at-statement-pass	falsifiable	No concrete finite witness, elementary reduction or credible full solution identified at statement level; definitions beyond the shortlist not fully audited.	f7468b8ed6f367d1d20d2c427b900f70264f6f157da35a3d3b13baff09580eb8
erdos-376	Erdos376.erdos_376	FormalConjectures/ErdosProblems/376.lean	yes	none	no	no-realistic-route-at-statement-pass	open	Unbounded infinitude assertion; finite examples cannot settle it; no explicit negation or elementary proof route identified.	32d2682c76795da062f4e752d135694fe0664d247dd4210026547d2ee66eaad8
erdos-383	Erdos383.erdos_383	FormalConjectures/ErdosProblems/383.lean	yes	none	no	no-realistic-route-at-statement-pass	open	Unbounded infinitude assertion; finite examples cannot settle it; no explicit negation or elementary proof route identified.	3ef0414ca0ede42ca59680c50b6c8c0dd6b87b4445914c82a11ddc1e6c86f362
erdos-385-parts-i	Erdos385.erdos_385.parts.i	FormalConjectures/ErdosProblems/385.lean	yes	none	no	no-realistic-route-at-statement-pass	open	Uniform asymptotic/density assertion; bounded tests cannot settle it; no established full solution or exploitable edge case identified in first pass.	a5f797b6c3a2aff227e998b26268b8c9b93238822efb861e0b136151bcc02e03
erdos-386-variants-two	Erdos386.erdos_386.variants.two	FormalConjectures/ErdosProblems/386.lean	yes	none	no	no-realistic-route-at-statement-pass	open	Unbounded infinitude assertion; finite examples cannot settle it; no explicit negation or elementary proof route identified.	37f1016d86cfedebac3aa2fb219fb6e13fd6259c7f53b0541d35c238eb9bb981
erdos-39	Erdos39.erdos_39	FormalConjectures/ErdosProblems/39.lean	yes	none	no	no-realistic-route-at-statement-pass	open	Unbounded infinitude assertion; finite examples cannot settle it; no explicit negation or elementary proof route identified.	9d95881d38b878b3a3301b0ee81d674c30b5e1d2c817b1d1e662a11f2bb5ab54
erdos-396	Erdos396.erdos_396	FormalConjectures/ErdosProblems/396.lean	yes	none	yes	no-realistic-route-at-statement-pass	open	When n <= k the descending factorial is zero, which cannot divide the positive central binomial coefficient; omitted explicit n>k adds no shortcut.	8d096d0d6a0f9ccf46be9e61c3b1fae2ce009b7edc47fcdced4747d28c8d910c
erdos-398	Erdos398.erdos_398	FormalConjectures/ErdosProblems/398.lean	yes	none	no	no-realistic-route-at-statement-pass	falsifiable	No concrete finite witness, elementary reduction or credible full solution identified at statement level; definitions beyond the shortlist not fully audited.	625f63e369e6c4697c228934754212c72817c9ab105c8e274e5b95c005559721
erdos-400-parts-i	Erdos400.erdos_400.parts.i	FormalConjectures/ErdosProblems/400.lean	yes	none	no	no-realistic-route-at-statement-pass	open	Uniform asymptotic/density assertion; bounded tests cannot settle it; no established full solution or exploitable edge case identified in first pass.	75ab042f8b690ef5222d606ae8607110a4ef503182efb7e07fc6fefc440850d2
erdos-406-variants-one-two	Erdos406.erdos_406.variants.one_two	FormalConjectures/ErdosProblems/406.lean	yes	finite-certificate-if-witness-found	yes	ranked-13	open	Power of two beyond exponent 15 with no ternary zero would refute; published exclusion through about 5.9e21 exponents defeats brute-force discovery.	8849836481a8f99cf62e34512924c388c62711db784573e32b911807b686faa4
erdos-409-variants-sigma-termination	Erdos409.erdos_409.variants.sigma_termination	FormalConjectures/ErdosProblems/409.lean	yes	none	no	no-realistic-route-at-statement-pass	open	Uniform statement over an unbounded family; no concrete counterexample or elementary Mathlib reduction identified at statement level.	1f13f1014363dc9bad4bb54861b2eb311fbee124e6afdacc34485156e678b7ef
erdos-41	Erdos41.erdos_41	FormalConjectures/ErdosProblems/41.lean	yes	none	yes	no-realistic-route-at-statement-pass	open	Unbounded infinitude assertion; finite examples cannot settle it; no explicit negation or elementary proof route identified.	858fa367c43f5a9b7c3185d96e8f5ef04760915b105afbf3d65e6dd8eff95eec
erdos-410	Erdos410.erdos_410	FormalConjectures/ErdosProblems/410.lean	yes	none	no	no-realistic-route-at-statement-pass	open	Uniform asymptotic/density assertion; bounded tests cannot settle it; no established full solution or exploitable edge case identified in first pass.	0cdd75bed89a293fbbbd9f581a5bebb2a5ef8ad48db2a7d0f22d0c1146f54828
erdos-412	Erdos412.erdos_412	FormalConjectures/ErdosProblems/412.lean	yes	none	no	no-realistic-route-at-statement-pass	open	Uniform statement over an unbounded family; no concrete counterexample or elementary Mathlib reduction identified at statement level.	a2eae8879c7e0fd36337c0abd8891ae9ab149b9434826063c68a3b6f4e882e12
erdos-413-parts-i	Erdos413.erdos_413.parts.i	FormalConjectures/ErdosProblems/413.lean	yes	none	no	no-realistic-route-at-statement-pass	open	Unbounded infinitude assertion; finite examples cannot settle it; no explicit negation or elementary proof route identified.	6d17e8484d16f640e6c15291e7ed3591825bac3575877dc494af1cbf499f090e
erdos-414	Erdos414.erdos_414	FormalConjectures/ErdosProblems/414.lean	yes	none	no	no-realistic-route-at-statement-pass	open	Uniform statement over an unbounded family; no concrete counterexample or elementary Mathlib reduction identified at statement level.	21947577a77b257c10a94edd01fb91eadc35d0cc79558c53e681871858a66566
erdos-416-parts-i	Erdos416.erdos_416.parts.i	FormalConjectures/ErdosProblems/416.lean	yes	live-status-change	no	excluded-live-solved	open	Live conjectures.io catalog marks this exact snapshot target Solved; exclude; source proof not independently replayed.	e6e026679f3808a8e47e6b918f261244e009edb7b18c905cceab3702ffcd1f80
erdos-428	Erdos428.erdos_428	FormalConjectures/ErdosProblems/428.lean	yes	none	no	no-realistic-route-at-statement-pass	open	Unbounded infinitude assertion; finite examples cannot settle it; no explicit negation or elementary proof route identified.	71224a68b78715c8cb7de59ca3bfdcab048697231ce2a853ac540308ce810cc1
erdos-44	Erdos44.erdos_44	FormalConjectures/ErdosProblems/44.lean	yes	none	no	no-realistic-route-at-statement-pass	open	Uniform statement over an unbounded family; no concrete counterexample or elementary Mathlib reduction identified at statement level.	9930ccf9c0a9c0b46cdfac812231e7b4a5ed25c9754be039e5ba2846863d5f2e
erdos-445	Erdos445.erdos_445	FormalConjectures/ErdosProblems/445.lean	yes	none	no	no-realistic-route-at-statement-pass	open	Uniform asymptotic/density assertion; bounded tests cannot settle it; no established full solution or exploitable edge case identified in first pass.	e430036b7922f06dec52fb4d58d26aaf9e0cb01526e11a0e6bc2fe5a423231b7
erdos-454	Erdos454.erdos_454	FormalConjectures/ErdosProblems/454.lean	yes	none	no	no-realistic-route-at-statement-pass	open	Uniform asymptotic/density assertion; bounded tests cannot settle it; no established full solution or exploitable edge case identified in first pass.	03ba89f085139bc4d574267c0c165e943c1bb61c5d919ccd405bdec640965d44
erdos-455	Erdos455.erdos_455	FormalConjectures/ErdosProblems/455.lean	yes	none	no	no-realistic-route-at-statement-pass	open	Uniform asymptotic/density assertion; bounded tests cannot settle it; no established full solution or exploitable edge case identified in first pass.	afd9a01c5817e49888036a3ab92b6eeaca0194780283317a15b741b50c217743
erdos-456-parts-iii	Erdos456.erdos_456.parts.iii	FormalConjectures/ErdosProblems/456.lean	yes	none	no	no-realistic-route-at-statement-pass	open	Unbounded infinitude assertion; finite examples cannot settle it; no explicit negation or elementary proof route identified.	1edb6b8e3509bf6450ffa8a11b17385dd82385eb78f8a47045ac490cc13d7dfe
erdos-458	Erdos458.erdos_458	FormalConjectures/ErdosProblems/458.lean	yes	finite-certificate-if-witness-found	yes	flag-rejected-or-low-priority	falsifiable	A finite prime-index LCM inequality failure could refute; starting index zero is harmless because Nat.nth starts at prime 2.	e3a8e764816f35a6e39c02fefbeac27d07a93ca9770a7166d08b22d09e2d33fa
erdos-463	Erdos463.erdos_463	FormalConjectures/ErdosProblems/463.lean	yes	none	no	no-realistic-route-at-statement-pass	open	Uniform asymptotic/density assertion; bounded tests cannot settle it; no established full solution or exploitable edge case identified in first pass.	6cffc929c96f27068226a8cc7805ca6b7ae76352601ec468029364b0798e5b78
erdos-479	Erdos479.erdos_479	FormalConjectures/ErdosProblems/479.lean	yes	possible-definition-mismatch	yes	flag-rejected-or-low-priority	open	Repeated binder in printed type is a pretty-printing artifact; source quantifies one integer k with k != 1.	d88207ab320584b24aa4b2c0ab0a38164c00abe3dcb773ddb08490de335fc8fc
erdos-495	Erdos495.erdos_495	FormalConjectures/ErdosProblems/495.lean	yes	none	no	no-realistic-route-at-statement-pass	open	Uniform asymptotic/density assertion; bounded tests cannot settle it; no established full solution or exploitable edge case identified in first pass.	ac5b47df62c5832c874c566a3852176dfd02b2431462e611973bef1435ca4fe5
erdos-50	Erdos50.erdos_50	FormalConjectures/ErdosProblems/50.lean	yes	none	no	no-realistic-route-at-statement-pass	open	Uniform statement over an unbounded family; no concrete counterexample or elementary Mathlib reduction identified at statement level.	4f72b3dc9b21bbdf7a9a428e072f9bb5e47c81461a7cc867734608e69d14e185
erdos-51	Erdos51.erdos_51	FormalConjectures/ErdosProblems/51.lean	yes	none	no	no-realistic-route-at-statement-pass	open	Unbounded infinitude assertion; finite examples cannot settle it; no explicit negation or elementary proof route identified.	7f2ebb7ea7a9afe6ceb58ebd9468911e7a77f8b09dc98312046ecbe04cd68c4f
erdos-517	Erdos517.erdos_517	FormalConjectures/ErdosProblems/517.lean	yes	possible-definition-mismatch	yes	flag-rejected-or-low-priority	open	HasFabryGaps includes strict monotonicity, so paired coefficient cancellation is impossible; entire-function theorem remains hard.	0f10747fac6d4dd62caee654ef1e7f1f76cd9a8b733ff30defde3f9591f51759
erdos-52	Erdos52.erdos_52	FormalConjectures/ErdosProblems/52.lean	yes	none	no	no-realistic-route-at-statement-pass	open	Uniform statement over an unbounded family; no concrete counterexample or elementary Mathlib reduction identified at statement level.	cde8919593524af0c08e3b2d590e8a88caaa992d1711a69837699ff4d90eae41
erdos-535	Erdos535.erdos_535	FormalConjectures/ErdosProblems/535.lean	yes	none	no	no-realistic-route-at-statement-pass	open	Uniform asymptotic/density assertion; bounded tests cannot settle it; no established full solution or exploitable edge case identified in first pass.	09bbecac9a3d22742657c96cbbba9b9d23e6f8fa0920358f872f5de5a320e75e
erdos-535-variants-first-open-case	Erdos535.erdos_535.variants.first_open_case	FormalConjectures/ErdosProblems/535.lean	yes	none	no	no-realistic-route-at-statement-pass	open	Uniform asymptotic/density assertion; bounded tests cannot settle it; no established full solution or exploitable edge case identified in first pass.	7cd06a9834804facbbe9212ed5659fd877a0d4191688addd024e41c7bd69b0ca
erdos-564	Erdos564.erdos_564	FormalConjectures/ErdosProblems/564.lean	yes	none	no	no-realistic-route-at-statement-pass	open	Uniform asymptotic/density assertion; bounded tests cannot settle it; no established full solution or exploitable edge case identified in first pass.	81f66ee1a8dc8d21b321d0d5f2db9992c2f60e521715fd224d7c24fa4e3aeb83
erdos-579	Erdos579.erdos_579	FormalConjectures/ErdosProblems/579.lean	yes	live-status-change	no	excluded-pending-submission	open	Live Lean-verified submission dated 3 Oct 2026 is pending review and currently reward-ineligible; exclude as publicly claimed.	2c97b4419c3df2e8c0ad52f732fbc1a05c308957734d15f1fca44686e92618f6
erdos-600-parts-i	Erdos600.erdos_600.parts.i	FormalConjectures/ErdosProblems/600.lean	yes	none	no	no-realistic-route-at-statement-pass	open	Uniform asymptotic/density assertion; bounded tests cannot settle it; no established full solution or exploitable edge case identified in first pass.	b41035e7ba9e4bce621e319b1d72c5538e2d2ff19e19559fd70e2f525f84e657
erdos-61	Erdos61.erdos_61	FormalConjectures/ErdosProblems/61.lean	yes	none	no	no-realistic-route-at-statement-pass	open	Uniform statement over an unbounded family; no concrete counterexample or elementary Mathlib reduction identified at statement level.	80649264af22dd8808fe55629d5f989c4ee79859850cf5cdce9b54c888b536ba
erdos-617	Erdos617.erdos_617	FormalConjectures/ErdosProblems/617.lean	yes	finite-certificate-if-witness-found;recent-solution-or-partial-solution-claim	yes	ranked-6	falsifiable	Finite coloring could refute at a new r; reported kernel proof for r=5 is partial, not all-r resolution.	b435d65a237a2895179b92fe20040ba0451cf2c79b213e8483a95ce41aa46ba7
erdos-624	Erdos624.erdos_624	FormalConjectures/ErdosProblems/624.lean	yes	none	no	no-realistic-route-at-statement-pass	open	Uniform asymptotic/density assertion; bounded tests cannot settle it; no established full solution or exploitable edge case identified in first pass.	d22c30c85a799052f960cbaead5fd393058c2968103e5c66673ff257d8d2b99a
erdos-647	Erdos647.erdos_647	FormalConjectures/ErdosProblems/647.lean	yes	finite-certificate-if-witness-found;possible-definition-mismatch	yes	ranked-12	verifiable	Actual supremum is over Fin n; n must exceed 24; reported exclusion to about 6.16e17 blocks small witnesses.	8625f358b130cef016565f23b97b62da01ea6e9cd9fcc240e750ea90222dfefc
erdos-653	Erdos653.erdos_653	FormalConjectures/ErdosProblems/653.lean	yes	live-status-change	no	excluded-live-solved	open	Live conjectures.io catalog marks this exact snapshot target Solved; exclude; source proof not independently replayed.	c907b6f6306fd9ed81adac92b259d2cde50fe85c334636305df735a7cf889f78
erdos-66	Erdos66.erdos_66	FormalConjectures/ErdosProblems/66.lean	yes	none	no	no-realistic-route-at-statement-pass	open	Uniform asymptotic/density assertion; bounded tests cannot settle it; no established full solution or exploitable edge case identified in first pass.	0f55acb49436351be9b771fdbc29b32446456d385827783b0a5f0c3b87d66b79
erdos-672	Erdos672.erdos_672	FormalConjectures/ErdosProblems/672.lean	yes	none	no	no-realistic-route-at-statement-pass	verifiable	Uniform statement over an unbounded family; no concrete counterexample or elementary Mathlib reduction identified at statement level.	7132fdc43f70af14fb3ea28a4f6878721c8fe8354ed09461c5f981041dfddd95
erdos-677	Erdos677.erdos_677	FormalConjectures/ErdosProblems/677.lean	yes	finite-certificate-if-witness-found	yes	ranked-2	open	Same-length disjoint LCM collision gives a short refutation; known unequal-length collisions do not qualify; none through starts 20000 and k 1..64.	ebf24fc2c4ffceb453427771296d253162149f11f7fe33dcbfee494354142283
erdos-68	Erdos68.erdos_68	FormalConjectures/ErdosProblems/68.lean	yes	none	no	no-realistic-route-at-statement-pass	open	No concrete finite witness, elementary reduction or credible full solution identified at statement level; definitions beyond the shortlist not fully audited.	972b9a76bd48f209089493b8244a8e3fc4f5cc0add5b18b62f6cb279f285d98a
erdos-680-parts-i	Erdos680.erdos_680.parts.i	FormalConjectures/ErdosProblems/680.lean	yes	none	no	no-realistic-route-at-statement-pass	open	Uniform asymptotic/density assertion; bounded tests cannot settle it; no established full solution or exploitable edge case identified in first pass.	814851580c4ffaa675460f24b2540c0e9620f2c8c04cecee5eb5a3541e038c27
erdos-680-parts-ii	Erdos680.erdos_680.parts.ii	FormalConjectures/ErdosProblems/680.lean	yes	none	no	no-realistic-route-at-statement-pass	open	Uniform asymptotic/density assertion; bounded tests cannot settle it; no established full solution or exploitable edge case identified in first pass.	e1338e65e34846f07a631b5058badb4b35a95aa71874602886143c77119881f6
erdos-681	Erdos681.erdos_681	FormalConjectures/ErdosProblems/681.lean	yes	none	no	no-realistic-route-at-statement-pass	open	Uniform asymptotic/density assertion; bounded tests cannot settle it; no established full solution or exploitable edge case identified in first pass.	4ffd16c16c01ce92c59eeca2f7037b6c03e263c62872236bc20e7e8147775f6c
erdos-686-variants-four	Erdos686.erdos_686.variants.four	FormalConjectures/ErdosProblems/686.lean	yes	finite-certificate-if-witness-found;possible-definition-mismatch	yes	ranked-3	open	Single Nat ratio-4 witness suffices; small lengths have exclusions; negative starts and square-9 witnesses do not qualify.	fe3cb4c74ef186ecc675a32beea000884b6913255c1b561fab9a988230669fba
erdos-686-variants-twenty-five	Erdos686.erdos_686.variants.twenty_five	FormalConjectures/ErdosProblems/686.lean	yes	finite-certificate-if-witness-found;possible-definition-mismatch	yes	ranked-1	open	A single Nat triple proves the exact rational ratio; no witness through both starts 100000 and k 2..64; elliptic rank is not an integral solution.	445b3a4984cad1964930dcca4a8b3582d596b2d19d72b4ea6919344c7e69a540
erdos-688-parts-ii	Erdos688.erdos_688.parts.ii	FormalConjectures/ErdosProblems/688.lean	yes	none	no	no-realistic-route-at-statement-pass	open	Uniform asymptotic/density assertion; bounded tests cannot settle it; no established full solution or exploitable edge case identified in first pass.	af7843b7a3f2312a00294160fec31a34b620420467b114751cc11698e6be591b
erdos-695	Erdos695.erdos_695	FormalConjectures/ErdosProblems/695.lean	yes	none	no	no-realistic-route-at-statement-pass	open	Uniform asymptotic/density assertion; bounded tests cannot settle it; no established full solution or exploitable edge case identified in first pass.	092d45f5d7fe7758ffa474eb52197ecec9813b523b383906ba2a10d1224c7ea8
erdos-695-variants-upperbound	Erdos695.erdos_695.variants.upperBound	FormalConjectures/ErdosProblems/695.lean	yes	none	no	no-realistic-route-at-statement-pass	open	Uniform asymptotic/density assertion; bounded tests cannot settle it; no established full solution or exploitable edge case identified in first pass.	9a5c436c669d639da9e43549526b8c7faa25727087a098d12bbe853d650522a9
erdos-699	Erdos699.erdos_699	FormalConjectures/ErdosProblems/699.lean	yes	finite-certificate-if-witness-found;possible-definition-mismatch	yes	ranked-5	falsifiable	Finite weak-form binomial-gcd violation would refute; known strict-form exceptions are not target counterexamples; no weak violation through n 300.	b2279b14523223208f3a4a910fda7b6c11cea911445c7ac8f082801ebac08e41
erdos-70-variants-omega-times-two-four	Erdos70.erdos_70.variants.omega_times_two_four	FormalConjectures/ErdosProblems/70.lean	yes	live-status-change	no	excluded-prior-proof	open	Live results record a verified submission rejected as already solved before submission; do not pursue for reward.	7d6f3f0ceea8cacb193f8c0941eb9f4129e1f65ad51318f883cbbfd7845ed0c2
erdos-701	Erdos701.erdos_701	FormalConjectures/ErdosProblems/701.lean	yes	possible-definition-mismatch	yes	flag-rejected-or-low-priority	open	Intersecting requires self-intersections as well; the family containing only the empty set is not a counterexample.	aed77ad9ccf3165208346dfd5f1997b30c2f812f042ccc2801eee572121e6757
erdos-723-variants-eq-12	Erdos723.erdos_723.variants.eq_12	FormalConjectures/ErdosProblems/723.lean	yes	possible-definition-mismatch	yes	flag-rejected-or-low-priority	falsifiable	Fintype point/line types, nondegeneracy and projective configuration assumptions are present; no empty order-12 plane.	dcb5cf343648e9619bde34147907f15983e103b01bf315b39ea05efb375b9973
erdos-726	Erdos726.erdos_726	FormalConjectures/ErdosProblems/726.lean	yes	live-status-change	no	excluded-live-solved	open	Live conjectures.io catalog marks this exact snapshot target Solved; exclude; source proof not independently replayed.	bc25024c6c8acd1865a0471be04029bef3248d8d08a539900522dcd62d65e7aa
erdos-749	Erdos749.erdos_749	FormalConjectures/ErdosProblems/749.lean	yes	none	no	no-realistic-route-at-statement-pass	open	Uniform asymptotic/density assertion; bounded tests cannot settle it; no established full solution or exploitable edge case identified in first pass.	d9675257802fc894b7fa4de14004e2ee74477f61b14c634741e88aa2008e4d1c
erdos-770-parts-i	Erdos770.erdos_770.parts.i	FormalConjectures/ErdosProblems/770.lean	yes	possible-definition-mismatch	yes	flag-rejected-or-low-priority	open	Uniform asymptotic/density assertion; bounded tests cannot settle it; no established full solution or exploitable edge case identified in first pass.	2ffce276eb2ef5fcf71c4c4ac2031214b29d480ab838319ce91211878b68b707
erdos-770-variants-three	Erdos770.erdos_770.variants.three	FormalConjectures/ErdosProblems/770.lean	yes	possible-definition-mismatch	yes	flag-rejected-or-low-priority	open	Actual h uses ENat infimum; no definitional shortcut; public catalog/page attempts metadata inconsistent; infinitude remains hard.	1e3e7c102d413a812171b206637d9cf4452aaf62a75e1de36e21e9c7377d8d92
erdos-774	Erdos774.erdos_774	FormalConjectures/ErdosProblems/774.lean	yes	none	no	no-realistic-route-at-statement-pass	open	Unbounded infinitude assertion; finite examples cannot settle it; no explicit negation or elementary proof route identified.	c014c0cad88c071ee77984ee47f41c2939fc62154954e43b0e1758331230edd4
erdos-779	Erdos779.erdos_779	FormalConjectures/ErdosProblems/779.lean	yes	possible-definition-mismatch	yes	flag-rejected-or-low-priority	falsifiable	The n=0 primorial edge case is explicitly excluded and product includes n+1 primes; no defect found.	26232eafa51965925ce82d6f9af20683531acc6d66369e33c3c5d8d4bc3cb7a7
erdos-789-variants-sq	Erdos789.erdos_789.variants.sq	FormalConjectures/ErdosProblems/789.lean	yes	none	no	no-realistic-route-at-statement-pass	open	Uniform asymptotic/density assertion; bounded tests cannot settle it; no established full solution or exploitable edge case identified in first pass.	a57050ed00da0b45937ffa370ffcc2b1a834798260fd955ea13a8e188e2a79a7
erdos-812-parts-i	Erdos812.erdos_812.parts.i	FormalConjectures/ErdosProblems/812.lean	yes	none	no	no-realistic-route-at-statement-pass	open	Uniform asymptotic/density assertion; bounded tests cannot settle it; no established full solution or exploitable edge case identified in first pass.	a96fa8f40fe16fdd6e7a6af1fb4de8206687c64626dd2a759a00707c2574377e
erdos-82	Erdos82.erdos_82	FormalConjectures/ErdosProblems/82.lean	yes	none	no	no-realistic-route-at-statement-pass	open	Uniform asymptotic/density assertion; bounded tests cannot settle it; no established full solution or exploitable edge case identified in first pass.	c5fb0dbb26609d0664b65a55480ff00c1de3e2e86072e5efea2f79f910cf8854
erdos-821	Erdos821.erdos_821	FormalConjectures/ErdosProblems/821.lean	yes	none	no	no-realistic-route-at-statement-pass	open	Unbounded infinitude assertion; finite examples cannot settle it; no explicit negation or elementary proof route identified.	59b3e73d6a23de99d15213350ff23de794ec6f5fd0960da5fab710fe3490cbb6
erdos-828	Erdos828.erdos_828	FormalConjectures/ErdosProblems/828.lean	yes	none	no	no-realistic-route-at-statement-pass	open	Unbounded infinitude assertion; finite examples cannot settle it; no explicit negation or elementary proof route identified.	6f853bfdc57146fc48127243a06aef2690bf02bc0424807721eb0f076dd950c2
erdos-828-variants-lehmer-conjecture	Erdos828.erdos_828.variants.lehmer_conjecture	FormalConjectures/ErdosProblems/828.lean	yes	none	no	no-realistic-route-at-statement-pass	open	Uniform statement over an unbounded family; no concrete counterexample or elementary Mathlib reduction identified at statement level.	125ea633b759cd7b00dd6526388504a02a7e7aba5c2de6c07d7799d5f077921f
erdos-829	Erdos829.erdos_829	FormalConjectures/ErdosProblems/829.lean	yes	none	no	no-realistic-route-at-statement-pass	open	Uniform asymptotic/density assertion; bounded tests cannot settle it; no established full solution or exploitable edge case identified in first pass.	3bfb84e8473a1d63279079a77056909eb0efa475e9605f50959880804b56851c
erdos-835	Erdos835.erdos_835	FormalConjectures/ErdosProblems/835.lean	yes	finite-certificate-if-witness-found;recent-solution-or-partial-solution-claim	no	ranked-7	verifiable	Finite all-colors coloring would prove; 2025 theorem excludes k+1 composite, not all k; smallest remaining k is at least 10.	95903d4de30e8a3b746727146ebd9456bdae8233b273264fc217a06785827edb
erdos-849	Erdos849.erdos_849	FormalConjectures/ErdosProblems/849.lean	yes	possible-definition-mismatch	yes	flag-rejected-or-low-priority	open	Counts rows rather than pairs, but binomial coefficients strictly increase in the selected half-row; not an exploitable counting mismatch.	600b74c52cb07b5fe9feab504cdf25a258982c665b3ed9549fff6b3bef3174d1
erdos-85	Erdos85.erdos_85	FormalConjectures/ErdosProblems/85.lean	yes	none	no	no-realistic-route-at-statement-pass	open	Uniform asymptotic/density assertion; bounded tests cannot settle it; no established full solution or exploitable edge case identified in first pass.	d8a29b780b9ddb78500c278d3ab5a6dce07a8c203bae1c2496200d60aa5aa08a
erdos-853-parts-i	Erdos853.erdos_853.parts.i	FormalConjectures/ErdosProblems/853.lean	yes	none	no	no-realistic-route-at-statement-pass	open	Uniform asymptotic/density assertion; bounded tests cannot settle it; no established full solution or exploitable edge case identified in first pass.	77d5e8fef8e8edac2582efe9eb4c00458ee8ea12cee5b62b6074fedf7763c811
erdos-853-parts-ii	Erdos853.erdos_853.parts.ii	FormalConjectures/ErdosProblems/853.lean	yes	none	no	no-realistic-route-at-statement-pass	open	Uniform asymptotic/density assertion; bounded tests cannot settle it; no established full solution or exploitable edge case identified in first pass.	1ad987c47f011a44f2f7b01c43cd93fab0c8e211c82ab503caa0592b58db3c39
erdos-859	Erdos859.erdos_859	FormalConjectures/ErdosProblems/859.lean	yes	live-status-change	no	excluded-live-solved	open	Live conjectures.io catalog marks this exact snapshot target Solved; exclude; source proof not independently replayed.	9cbe56eab1c4f46021c52a00b0ad2ef8937fcfa95b4a2dbd800f33a177b3a51d
erdos-873	Erdos873.erdos_873	FormalConjectures/ErdosProblems/873.lean	yes	possible-definition-mismatch	yes	flag-rejected-or-low-priority	open	k=0 gives an infinite count above X=1, not a vacuous bound; positive start and strict increase are required.	95277f74d9b2707f10c417d2631998d93210f53fe1ed5f63d00eb0fd6207e9d4
erdos-885	Erdos885.erdos_885	FormalConjectures/ErdosProblems/885.lean	yes	none	no	no-realistic-route-at-statement-pass	open	Uniform statement over an unbounded family; no concrete counterexample or elementary Mathlib reduction identified at statement level.	5f9f93b442b88983b0e7eba50056da791b3f119a4e11f145bbf5e19d0468217a
erdos-886	Erdos886.erdos_886	FormalConjectures/ErdosProblems/886.lean	yes	none	no	no-realistic-route-at-statement-pass	open	Uniform asymptotic/density assertion; bounded tests cannot settle it; no established full solution or exploitable edge case identified in first pass.	cf98c8aef602c0fb5fd43ddc0f9b142ea581166d0fadf008de3a804947fa4d62
erdos-887-parts-ii	Erdos887.erdos_887.parts.ii	FormalConjectures/ErdosProblems/887.lean	yes	none	no	no-realistic-route-at-statement-pass	open	Uniform asymptotic/density assertion; bounded tests cannot settle it; no established full solution or exploitable edge case identified in first pass.	ef60e65d55771b8b16e80899b5470370a6346572f143b8275a191d78a7714835
erdos-889	Erdos889.erdos_889	FormalConjectures/ErdosProblems/889.lean	yes	none	no	no-realistic-route-at-statement-pass	open	Uniform asymptotic/density assertion; bounded tests cannot settle it; no established full solution or exploitable edge case identified in first pass.	c10da5588d6fe357e4aa10b8895c9850b0983b19c1eb00a45dc9acc8b875a9d0
erdos-889-variants-general	Erdos889.erdos_889.variants.general	FormalConjectures/ErdosProblems/889.lean	yes	none	no	no-realistic-route-at-statement-pass	open	Uniform asymptotic/density assertion; bounded tests cannot settle it; no established full solution or exploitable edge case identified in first pass.	3d4ebc9539662ea22ad0499aa791be4dc5e56802320227ad1e6e9fa5d49ddae4
erdos-89	Erdos89.erdos_89	FormalConjectures/ErdosProblems/89.lean	yes	none	no	no-realistic-route-at-statement-pass	open	Uniform asymptotic/density assertion; bounded tests cannot settle it; no established full solution or exploitable edge case identified in first pass.	03d638d5648f1f9d01ab3df8701781c34f350a304957e67cbd3cc3c275de60b7
erdos-890-parts-a	Erdos890.erdos_890.parts.a	FormalConjectures/ErdosProblems/890.lean	yes	none	no	no-realistic-route-at-statement-pass	open	Uniform asymptotic/density assertion; bounded tests cannot settle it; no established full solution or exploitable edge case identified in first pass.	0054d167c3c496c11b017432918718155cc8e854e12c3ee1dbe35cbe4c318072
erdos-890-parts-b	Erdos890.erdos_890.parts.b	FormalConjectures/ErdosProblems/890.lean	yes	none	no	no-realistic-route-at-statement-pass	open	Uniform asymptotic/density assertion; bounded tests cannot settle it; no established full solution or exploitable edge case identified in first pass.	270eac8adc38d367ef6853193eae4151e3e928ea4b6853a2e599baa273d5df5c
erdos-891	Erdos891.erdos_891	FormalConjectures/ErdosProblems/891.lean	yes	none	no	no-realistic-route-at-statement-pass	open	Uniform asymptotic/density assertion; bounded tests cannot settle it; no established full solution or exploitable edge case identified in first pass.	efaf777c39ae5577a0f8655b3abb7d435eb3a1884a336bc5738b5ef7201d509d
erdos-893	Erdos893.erdos_893	FormalConjectures/ErdosProblems/893.lean	yes	none	no	no-realistic-route-at-statement-pass	open	Uniform asymptotic/density assertion; bounded tests cannot settle it; no established full solution or exploitable edge case identified in first pass.	8a729758ff70e53470f8750a96bfb9419bb5b6e9ae18d7031d00913e3c921557
erdos-9	Erdos9.erdos_9	FormalConjectures/ErdosProblems/9.lean	yes	none	no	no-realistic-route-at-statement-pass	open	Uniform asymptotic/density assertion; bounded tests cannot settle it; no established full solution or exploitable edge case identified in first pass.	c80d1934ea15e8534142e82618210f3a0a78f7b0012ae868c518ca098f80dcef
erdos-91	Erdos91.erdos_91	FormalConjectures/ErdosProblems/91.lean	yes	none	yes	no-realistic-route-at-statement-pass	open	Uniform asymptotic/density assertion; bounded tests cannot settle it; no established full solution or exploitable edge case identified in first pass.	12a2b5f5bd9dd6fce0162590a8cd2393420627444b3d165fa70f3d0f09e0c364
erdos-912	Erdos912.erdos_912	FormalConjectures/ErdosProblems/912.lean	yes	none	no	no-realistic-route-at-statement-pass	open	Uniform asymptotic/density assertion; bounded tests cannot settle it; no established full solution or exploitable edge case identified in first pass.	ce4de73ee4232d84179b81114f835ad8e3fdc527b5ab0043543077e9d41c409e
erdos-912-variants-tao	Erdos912.erdos_912.variants.tao	FormalConjectures/ErdosProblems/912.lean	yes	none	no	no-realistic-route-at-statement-pass	open	Uniform asymptotic/density assertion; bounded tests cannot settle it; no established full solution or exploitable edge case identified in first pass.	e881466d289ecfc00db3ff3fa368ffa0afda5d8293686013d95df0c97df6a1e6
erdos-913-variants-infinite-many-8p-sq-sub-one-primes	Erdos913.erdos_913.variants.infinite_many_8p_sq_sub_one_primes	FormalConjectures/ErdosProblems/913.lean	yes	none	no	no-realistic-route-at-statement-pass	open	Unbounded infinitude assertion; finite examples cannot settle it; no explicit negation or elementary proof route identified.	5647b90d5eb5ef28ed039b3682319e7b9fbc57ff8f6128d36dd54d91d61070e8
erdos-930	Erdos930.erdos_930	FormalConjectures/ErdosProblems/930.lean	yes	none	no	no-realistic-route-at-statement-pass	open	Uniform statement over an unbounded family; no concrete counterexample or elementary Mathlib reduction identified at statement level.	2f5f8627e6660437115198ca8bdd76a04942045aaa501ca80a9f7cc263d4eb1c
erdos-931	Erdos931.erdos_931	FormalConjectures/ErdosProblems/931.lean	yes	none	no	no-realistic-route-at-statement-pass	open	Uniform statement over an unbounded family; no concrete counterexample or elementary Mathlib reduction identified at statement level.	9dda388110adf89cea2b87cd02f8737128b6fb4816c7ee0f998d38f91de02517
erdos-932	Erdos932.erdos_932	FormalConjectures/ErdosProblems/932.lean	yes	none	no	no-realistic-route-at-statement-pass	open	Unbounded infinitude assertion; finite examples cannot settle it; no explicit negation or elementary proof route identified.	2941effe5e1823b4f7fd0fd59ca83d313a23f11fe6c25fd8d04ebce343e54222
erdos-933	Erdos933.erdos_933	FormalConjectures/ErdosProblems/933.lean	yes	none	no	no-realistic-route-at-statement-pass	open	Uniform asymptotic/density assertion; bounded tests cannot settle it; no established full solution or exploitable edge case identified in first pass.	1dc04da05d06794e7dc29e9d75cff52ce7dd8ff7c3147f8242cca9b3bde6279f
erdos-936-variants-factorial-add-one	Erdos936.erdos_936.variants.factorial_add_one	FormalConjectures/ErdosProblems/936.lean	yes	none	no	no-realistic-route-at-statement-pass	open	No concrete finite witness, elementary reduction or credible full solution identified at statement level; definitions beyond the shortlist not fully audited.	73c0cf3b33b13cd9a75bc1af145a87f3d6692ad1e3321cbf2777730c0a06af3f
erdos-936-variants-factorial-sub-one	Erdos936.erdos_936.variants.factorial_sub_one	FormalConjectures/ErdosProblems/936.lean	yes	none	no	no-realistic-route-at-statement-pass	open	No concrete finite witness, elementary reduction or credible full solution identified at statement level; definitions beyond the shortlist not fully audited.	afcfb2bea9ff7549a2a300f6cf236502ce2fa0dcd438ecf4bbd44b483709e703
erdos-936-variants-two-pow-add-one	Erdos936.erdos_936.variants.two_pow_add_one	FormalConjectures/ErdosProblems/936.lean	yes	none	no	no-realistic-route-at-statement-pass	open	No concrete finite witness, elementary reduction or credible full solution identified at statement level; definitions beyond the shortlist not fully audited.	3cba3a819fd6195c9f34b75ab1a30e88ef664aa3c7696e5373facd3a609f7d31
erdos-936-variants-two-pow-sub-one	Erdos936.erdos_936.variants.two_pow_sub_one	FormalConjectures/ErdosProblems/936.lean	yes	none	no	no-realistic-route-at-statement-pass	open	No concrete finite witness, elementary reduction or credible full solution identified at statement level; definitions beyond the shortlist not fully audited.	a478cf42286b28d2a804334e51ea0aab669173e90d02af6dd07b9b0f97276ee0
erdos-942	Erdos942.erdos_942	FormalConjectures/ErdosProblems/942.lean	yes	none	no	no-realistic-route-at-statement-pass	open	Unbounded infinitude assertion; finite examples cannot settle it; no explicit negation or elementary proof route identified.	9316a0e8bc16d60bf75fe896767a3476e6b977309602a1c70ee12d25a7800424
erdos-943	Erdos943.erdos_943	FormalConjectures/ErdosProblems/943.lean	yes	none	no	no-realistic-route-at-statement-pass	open	Uniform asymptotic/density assertion; bounded tests cannot settle it; no established full solution or exploitable edge case identified in first pass.	8772f7f20027f28027157b4c5ce7e6a03cf8d23b443b5cbc01cafbd934530f4d
erdos-944	Erdos944.erdos_944	FormalConjectures/ErdosProblems/944.lean	yes	live-status-change	no	excluded-live-solved	open	Live conjectures.io catalog marks this exact snapshot target Solved; exclude; source proof not independently replayed.	c56169170fa825adda1053504df8138d8a94dc3564a6f743645796ad342d3360
erdos-945	Erdos945.erdos_945	FormalConjectures/ErdosProblems/945.lean	yes	none	yes	no-realistic-route-at-statement-pass	open	Supremum ranges over bounded run lengths; bounded exponent function is the intended logarithmic-power condition.	6c729059f133d8c1781301b2d75bd9a57d5abe88538dae547a691c14e46af4ba
erdos-949	Erdos949.erdos_949	FormalConjectures/ErdosProblems/949.lean	yes	none	no	no-realistic-route-at-statement-pass	open	Uniform statement over an unbounded family; no concrete counterexample or elementary Mathlib reduction identified at statement level.	4039ef75cb4cee560ecebfbbc5df2b0f1a75f304d202f8d9e1aa06f4ecc71bf8
erdos-950-parts-i	Erdos950.erdos_950.parts.i	FormalConjectures/ErdosProblems/950.lean	yes	none	no	no-realistic-route-at-statement-pass	open	Uniform asymptotic/density assertion; bounded tests cannot settle it; no established full solution or exploitable edge case identified in first pass.	4863f94073a42ffd730cc70e272eb8b815cda0d10f62af658bb8cced638e6f6c
erdos-950-parts-ii	Erdos950.erdos_950.parts.ii	FormalConjectures/ErdosProblems/950.lean	yes	none	no	no-realistic-route-at-statement-pass	open	Uniform asymptotic/density assertion; bounded tests cannot settle it; no established full solution or exploitable edge case identified in first pass.	5c5998fe8ce9f046d6c46f6798e49ba906e6bc18b9954a305be9fa2555e0ff78
erdos-950-parts-iii	Erdos950.erdos_950.parts.iii	FormalConjectures/ErdosProblems/950.lean	yes	none	no	no-realistic-route-at-statement-pass	open	Uniform asymptotic/density assertion; bounded tests cannot settle it; no established full solution or exploitable edge case identified in first pass.	7ac15b69d01a7ab38559a2ea3d99a94f35ac5b4baee7c527d9d85bc2ef5b6831
erdos-951	Erdos951.erdos_951	FormalConjectures/ErdosProblems/951.lean	yes	none	no	no-realistic-route-at-statement-pass	open	Uniform asymptotic/density assertion; bounded tests cannot settle it; no established full solution or exploitable edge case identified in first pass.	34bd2fd278c1e0e7e8e8991280c6ac300d126c7768dc7cb8d5a07a25e76a2d09
erdos-952	Erdos952.erdos_952	FormalConjectures/ErdosProblems/952.lean	yes	possible-definition-mismatch	yes	flag-rejected-or-low-priority	open	The source uses Gaussian integers, whose norm is nonnegative; no indefinite quadratic norm exploit.	e1c5dd5b3c36069c5ff55aec24d148b4d88ffc82e95d7ad6a4bc59c161920089
erdos-96	Erdos96.erdos_96	FormalConjectures/ErdosProblems/96.lean	yes	live-status-change	no	excluded-live-solved	open	Live conjectures.io catalog marks this exact snapshot target Solved; exclude; source proof not independently replayed.	08d79e9e99369e6630018f92d53f1fee8b30388b3aec545181f05eff30f6601a
erdos-962	Erdos962.erdos_962	FormalConjectures/ErdosProblems/962.lean	yes	none	no	no-realistic-route-at-statement-pass	open	Uniform asymptotic/density assertion; bounded tests cannot settle it; no established full solution or exploitable edge case identified in first pass.	60f0e9d0d5974d6ec8f0d0a9d9ad8b2a60ce76d9d9017558dc7173fbf4bf0e8d
erdos-972	Erdos972.erdos_972	FormalConjectures/ErdosProblems/972.lean	yes	none	no	no-realistic-route-at-statement-pass	open	Unbounded infinitude assertion; finite examples cannot settle it; no explicit negation or elementary proof route identified.	5fdd4b668f4f170dbcc1a5bb3f34172dbaec5cf0a8a53a597e34a78e73d711b2
erdos-975	Erdos975.erdos_975	FormalConjectures/ErdosProblems/975.lean	yes	possible-definition-mismatch	yes	flag-rejected-or-low-priority	open	Irreducibility, nonconstant degree and eventual positivity exclude content/fixed-sign shortcuts.	0f69fbd4e1122d78b53c043ef74fbdeb2bb5cbd60f4227374ba22cc1eb213da5
erdos-978-parts-ii	Erdos978.erdos_978.parts.ii	FormalConjectures/ErdosProblems/978.lean	yes	none	no	no-realistic-route-at-statement-pass	open	Unbounded infinitude assertion; finite examples cannot settle it; no explicit negation or elementary proof route identified.	6c3519d4fed4f3b63b4f501623f099cf63443b4da4a97eb8a78e3c18f8104c58
erdos-978-parts-iii	Erdos978.erdos_978.parts.iii	FormalConjectures/ErdosProblems/978.lean	yes	none	no	no-realistic-route-at-statement-pass	open	Unbounded infinitude assertion; finite examples cannot settle it; no explicit negation or elementary proof route identified.	d24ce95877c673da6a405d17aea3aa66865d86d32c9180bfc3e1531f0c0b9b5b
erdos-979	Erdos979.erdos_979	FormalConjectures/ErdosProblems/979.lean	yes	none	no	no-realistic-route-at-statement-pass	open	Uniform asymptotic/density assertion; bounded tests cannot settle it; no established full solution or exploitable edge case identified in first pass.	636d7a9d78ea42651405398fb8110e8e2db34bdc4886adae4988c98e56416ccd
erdos-98	Erdos98.erdos_98	FormalConjectures/ErdosProblems/98.lean	yes	none	no	no-realistic-route-at-statement-pass	open	Uniform asymptotic/density assertion; bounded tests cannot settle it; no established full solution or exploitable edge case identified in first pass.	fa2b0ac1be2f297a24f06ab3ee8775425a8422b356d059feb455d66c05e819ed
erdos-982	Erdos982.erdos_982	FormalConjectures/ErdosProblems/982.lean	yes	none	yes	no-realistic-route-at-statement-pass	falsifiable	Distinct convex polygon vertices are required; finite geometry alone supplies no explicit violating configuration.	2087b410a0d141d569f3f36c86fcc4c763b6221a145bc276dd1ecb5e8ed687ab
erdos-985	Erdos985.erdos_985	FormalConjectures/ErdosProblems/985.lean	yes	finite-certificate-if-witness-found;possible-definition-mismatch	yes	ranked-9	open	A prime with no smaller prime primitive root would refute; p=2 is explicitly excluded; broad reported searches make discovery unlikely.	7097312a083511ed1033fd415394e2a709769ebe35b0eae18104431f268352b2
erdos-99	Erdos99.erdos_99	FormalConjectures/ErdosProblems/99.lean	yes	none	no	no-realistic-route-at-statement-pass	open	Uniform asymptotic/density assertion; bounded tests cannot settle it; no established full solution or exploitable edge case identified in first pass.	7fb40cd45049ae78b183f152e38313af7619b7e6617ef862595232d84e9f356e
green-15	Green15.green_15	FormalConjectures/GreensOpenProblems/15.lean	yes	live-status-change	no	excluded-live-solved	not-an-Erdos-number	Live conjectures.io catalog marks this exact snapshot target Solved; exclude; source proof not independently replayed.	59daefd5084ca576770048ca9f51a28b744af5242a369132d2094d55a165bd5d
green-24-variants-conjecture	Green24.variants.conjecture	FormalConjectures/GreensOpenProblems/24.lean	yes	live-status-change	no	excluded-live-solved	not-an-Erdos-number	Live conjectures.io catalog marks this exact snapshot target Solved; exclude; source proof not independently replayed.	e2eb361e14e548c2be0ea26a0bbcba3d8726cde4e99e4a1fae0157ba066f3bfe
green-39	Green39.green_39	FormalConjectures/GreensOpenProblems/39.lean	yes	live-status-change	no	excluded-live-solved	not-an-Erdos-number	Live conjectures.io catalog marks this exact snapshot target Solved; exclude; source proof not independently replayed.	91f26e5b0236d60e229fc21197f5deff73816d1326bddc4545ccdea889ac69fb
green-40-f-two-eq-one	Green40.green_40.f_two_eq_one	FormalConjectures/GreensOpenProblems/40.lean	yes	live-status-change	no	excluded-live-solved	not-an-Erdos-number	Live conjectures.io catalog marks this exact snapshot target Solved; exclude; source proof not independently replayed.	f27c3c57321d3cfb71a5ea2ae7bb3383492de241bf245b3e826f1614318b7212
green-47	Green47.green_47	FormalConjectures/GreensOpenProblems/47.lean	yes	live-status-change	no	excluded-live-solved	not-an-Erdos-number	Live conjectures.io catalog marks this exact snapshot target Solved; exclude; source proof not independently replayed.	0f5cdf15c21e9611e88db79822c6f5777ba6c46f5dcee0ec748610fd4b3e1f7d
green-51-one-half	Green51.green_51.one_half	FormalConjectures/GreensOpenProblems/51.lean	yes	live-status-change	no	excluded-live-solved	not-an-Erdos-number	Live conjectures.io catalog marks this exact snapshot target Solved; exclude; source proof not independently replayed.	841386a8c13708bfc3b2481bf41884f951b11a79b95dff34bb29b77b61a66ad1
millennium-riemannhypothesis-riemannhypothesis	RiemannHypothesis.riemannHypothesis	FormalConjectures/Millennium/RiemannHypothesis.lean	yes	none	no	no-realistic-route-at-statement-pass	not-an-Erdos-number	Established hard conjecture; no statement-level loophole; reject rather than equating decidable finite cases with a realistic solution.	7024d428ede1c873b201a0801e42593ab9afd4e632c16c492678886797602547
wikipedia-artinprimitiverootsconjecture-artin-primitive-roots-parts-i	ArtinPrimitiveRootsConjecture.artin_primitive_roots.parts.i	FormalConjectures/Wikipedia/ArtinPrimitiveRootsConjecture.lean	yes	none	no	no-realistic-route-at-statement-pass	not-an-Erdos-number	Established hard conjecture; no statement-level loophole; reject rather than equating decidable finite cases with a realistic solution.	6ebe23f328e7b55d96d42614319f6588a10b3854627b9eab29e408185ae3974d
wikipedia-borsukconjecture-borsuk-conjecture-four	Borsuk.borsuk_conjecture.four	FormalConjectures/Wikipedia/BorsukConjecture.lean	yes	none	yes	no-realistic-route-at-statement-pass	not-an-Erdos-number	Actual definitions checked for small or degenerate cases; no verified loophole; established hard conjecture, not flagged as a candidate.	cb72989c98ce9d1c39ee8b5d9b4541a3e13360fb3a0e68831013dd0f5e91290a
wikipedia-brocardconjecture-brocard-conjecture	Brocard.brocard_conjecture	FormalConjectures/Wikipedia/BrocardConjecture.lean	yes	none	no	no-realistic-route-at-statement-pass	not-an-Erdos-number	Established hard conjecture; no statement-level loophole; reject rather than equating decidable finite cases with a realistic solution.	dcc7fc3cac806ed512680696935cb1fc9acee63ce6650b8cac1122366ad1cf8d
wikipedia-bunyakovsky-bunyakovsky-conjecture	Bunyakovsky.bunyakovsky_conjecture	FormalConjectures/Wikipedia/Bunyakovsky.lean	yes	none	no	no-realistic-route-at-statement-pass	not-an-Erdos-number	Established hard conjecture; no statement-level loophole; reject rather than equating decidable finite cases with a realistic solution.	405a8db17efbc6f513acc1f7f7cdf6776481dc8a3fddb07c1bc7947db0363efd
wikipedia-carmichaeltotient-charmichaeltotient	CarmichaelTotient.charmichaelTotient	FormalConjectures/Wikipedia/CarmichaelTotient.lean	yes	none	no	no-realistic-route-at-statement-pass	not-an-Erdos-number	Established hard conjecture; no statement-level loophole; reject rather than equating decidable finite cases with a realistic solution.	ce0b6cb4bab0f65c2fa5e6fac111bc88c2d023a976728ecdf33236ba9de4dae3
wikipedia-classnumberproblem-class-number-problem	ClassNumberProblem.class_number_problem	FormalConjectures/Wikipedia/ClassNumberProblem.lean	yes	none	no	no-realistic-route-at-statement-pass	not-an-Erdos-number	Established hard conjecture; no statement-level loophole; reject rather than equating decidable finite cases with a realistic solution.	98c66b2bb37e1a4229329597e20d087cc93672e49f111bc39b776d88f66c4f15
wikipedia-dickson-dickson-conjecture	Dickson.dickson_conjecture	FormalConjectures/Wikipedia/Dickson.lean	yes	none	no	no-realistic-route-at-statement-pass	not-an-Erdos-number	Established hard conjecture; no statement-level loophole; reject rather than equating decidable finite cases with a realistic solution.	85bb5f6cf6b2866d5d92d2df032efcf05f0f07d868aa84a5428b270fae394fe5
wikipedia-fermat-infinite-fermat-primes	Fermat.infinite_fermat_primes	FormalConjectures/Wikipedia/Fermat.lean	yes	none	no	no-realistic-route-at-statement-pass	not-an-Erdos-number	Established hard conjecture; no statement-level loophole; reject rather than equating decidable finite cases with a realistic solution.	50ae249c932fc10681acd628645e9842acbfe529eb67d4a5805d643404a89242
wikipedia-gausscircleproblem-error-isbigo	GaussCircleProblem.error_isBigO	FormalConjectures/Wikipedia/GaussCircleProblem.lean	yes	none	no	no-realistic-route-at-statement-pass	not-an-Erdos-number	Established hard conjecture; no statement-level loophole; reject rather than equating decidable finite cases with a realistic solution.	b674ebcaedb1cea71e4721be50e8a4cb5821725e936ad7c1d61a922788814600
wikipedia-goldbachconjecture-goldbach	GoldbachConjecture.goldbach	FormalConjectures/Wikipedia/GoldbachConjecture.lean	yes	none	no	no-realistic-route-at-statement-pass	not-an-Erdos-number	Established hard conjecture; no statement-level loophole; reject rather than equating decidable finite cases with a realistic solution.	83f07998b02bae908bef995e48bba05d9a67330265ae8e03890f6e03172a52d8
wikipedia-goormaghtigh-goormaghtigh-conjecture	Goormaghtigh.goormaghtigh_conjecture	FormalConjectures/Wikipedia/Goormaghtigh.lean	yes	none	yes	no-realistic-route-at-statement-pass	not-an-Erdos-number	Actual definitions checked for small or degenerate cases; no verified loophole; established hard conjecture, not flagged as a candidate.	b97523becd252a734ef2fe4b9e6f7ee40ad0eb61f6b22aad5533aee0968d0a4f
wikipedia-hadamard-hadamardconjecture	Hadamard.HadamardConjecture	FormalConjectures/Wikipedia/Hadamard.lean	yes	none	yes	no-realistic-route-at-statement-pass	not-an-Erdos-number	Actual definitions checked for small or degenerate cases; no verified loophole; established hard conjecture, not flagged as a candidate.	da7c7bc9ce250caaadadf060da63648fcc3e3226167d34b2464602b462b1a1a7
wikipedia-hardylittlewood-first-hardy-littlewood-conjecture	HardyLittlewood.first_hardy_littlewood_conjecture	FormalConjectures/Wikipedia/HardyLittlewood.lean	yes	none	yes	no-realistic-route-at-statement-pass	not-an-Erdos-number	Actual definitions checked for small or degenerate cases; no verified loophole; established hard conjecture, not flagged as a candidate.	b05c34560e0b7ab4ea4ac8d8e3b718835929d9a01c7c3eb7061876606ee8ca57
wikipedia-hardylittlewood-second-hardy-littlewood-conjecture	HardyLittlewood.second_hardy_littlewood_conjecture	FormalConjectures/Wikipedia/HardyLittlewood.lean	yes	none	no	no-realistic-route-at-statement-pass	not-an-Erdos-number	Established hard conjecture; no statement-level loophole; reject rather than equating decidable finite cases with a realistic solution.	ffac7a3499bf29f0a7241981cf6aa8af380a16a939b95f5af53f900984bd3385
wikipedia-idonealcompleteness-idoneal-numbers-completeness	Idoneal.idoneal_numbers_completeness	FormalConjectures/Wikipedia/IdonealCompleteness.lean	yes	none	yes	no-realistic-route-at-statement-pass	not-an-Erdos-number	Actual definitions checked for small or degenerate cases; no verified loophole; established hard conjecture, not flagged as a candidate.	48cbceb7a586f32aa59803cc57c059ee335f67fd108f1efe45397f80949c44cf
wikipedia-inscribedsquare-inscribed-square-problem	InscribedSquare.inscribed_square_problem	FormalConjectures/Wikipedia/InscribedSquare.lean	yes	none	yes	no-realistic-route-at-statement-pass	not-an-Erdos-number	Actual definitions checked for small or degenerate cases; no verified loophole; established hard conjecture, not flagged as a candidate.	3e16bf2d986cb4f6262cbc3bfafd7c29a9c4d481d05978f239b62b6bb1e888e6
wikipedia-inversegalois-inverse-galois-problem	InverseGalois.inverse_galois_problem	FormalConjectures/Wikipedia/InverseGalois.lean	yes	none	no	no-realistic-route-at-statement-pass	not-an-Erdos-number	Established hard conjecture; no statement-level loophole; reject rather than equating decidable finite cases with a realistic solution.	171b4b9d43090a1691e8cb41611b9ea3744ebfdc359fbc7ad14c0fd0a50a46e6
wikipedia-irrational-irrational-eulermascheroniconstant	Irrational.irrational_eulerMascheroniConstant	FormalConjectures/Wikipedia/Irrational.lean	yes	none	no	no-realistic-route-at-statement-pass	not-an-Erdos-number	Established hard conjecture; no statement-level loophole; reject rather than equating decidable finite cases with a realistic solution.	6e03b2f95e53a9fb83aa842919f13148c651ee93b7a83cfd003ec859c128a873
wikipedia-kummervandiver-kummer-vandiver	KummerVandiver.kummer_vandiver	FormalConjectures/Wikipedia/KummerVandiver.lean	yes	none	no	no-realistic-route-at-statement-pass	not-an-Erdos-number	Established hard conjecture; no statement-level loophole; reject rather than equating decidable finite cases with a realistic solution.	193ebc1ec3168ffb9441315f835f119904e4b3cf47dce75eb88e5b427c0efd62
wikipedia-legendreconjecture-legendre-conjecture	LegendreConjecture.legendre_conjecture	FormalConjectures/Wikipedia/LegendreConjecture.lean	yes	none	no	no-realistic-route-at-statement-pass	not-an-Erdos-number	Established hard conjecture; no statement-level loophole; reject rather than equating decidable finite cases with a realistic solution.	93de0ac0238a513ca404b0b21febc5f6892ddd496f57ca67b922daa83b4ad092
wikipedia-lehmermahlermeasureproblem-lehmer-mahler-measure-problem	LehmerMahlerMeasureProblem.lehmer_mahler_measure_problem	FormalConjectures/Wikipedia/LehmerMahlerMeasureProblem.lean	yes	none	no	no-realistic-route-at-statement-pass	not-an-Erdos-number	Established hard conjecture; no statement-level loophole; reject rather than equating decidable finite cases with a realistic solution.	629f0783dbe9165bda32bb6fcc8d64b1e9044392644dce081f8796709b91f68c
wikipedia-lehmertotient-lehmer-totient	LehmerTotient.lehmer_totient	FormalConjectures/Wikipedia/LehmerTotient.lean	yes	none	no	no-realistic-route-at-statement-pass	not-an-Erdos-number	Established hard conjecture; no statement-level loophole; reject rather than equating decidable finite cases with a realistic solution.	9eb6bce27c3bbabf2b11f54af876c26facb3d521e5fee3335e6208e16666e3ee
wikipedia-lemoine-lemoine-conjecture	Lemoine.lemoine_conjecture	FormalConjectures/Wikipedia/Lemoine.lean	yes	none	no	no-realistic-route-at-statement-pass	not-an-Erdos-number	Established hard conjecture; no statement-level loophole; reject rather than equating decidable finite cases with a realistic solution.	f0a370194368308ca651e367c573ecb477efc19a97f07a009462a463f6542ad1
wikipedia-mersenne-catalans-mersenne-conjecture	Mersenne.catalans_mersenne_conjecture	FormalConjectures/Wikipedia/Mersenne.lean	yes	none	no	no-realistic-route-at-statement-pass	not-an-Erdos-number	Established hard conjecture; no statement-level loophole; reject rather than equating decidable finite cases with a realistic solution.	7a98af0b3698553b18b97671059691324a76ae10b958d03e766375afb58c1a85
wikipedia-mersenne-infinitely-many-mersenne-primes	Mersenne.infinitely_many_mersenne_primes	FormalConjectures/Wikipedia/Mersenne.lean	yes	none	no	no-realistic-route-at-statement-pass	not-an-Erdos-number	Established hard conjecture; no statement-level loophole; reject rather than equating decidable finite cases with a realistic solution.	d3e988fd5ab9e5feffaf971734d2a79a099e7dccceec531fde8e5548c2f9f1c5
wikipedia-normalityofpi-pi-normal-base-ten	NormalNumber.pi_normal_base_ten	FormalConjectures/Wikipedia/NormalityOfPi.lean	yes	none	no	no-realistic-route-at-statement-pass	not-an-Erdos-number	Established hard conjecture; no statement-level loophole; reject rather than equating decidable finite cases with a realistic solution.	3a5f3ecae95dad9555c249cd8724523d67aca60cb32ff6881d83c2da07a1c781
wikipedia-oppermann-oppermann-conjecture	Oppermann.oppermann_conjecture	FormalConjectures/Wikipedia/Oppermann.lean	yes	none	no	no-realistic-route-at-statement-pass	not-an-Erdos-number	Established hard conjecture; no statement-level loophole; reject rather than equating decidable finite cases with a realistic solution.	baf8b4f544f5f2fc62d24ee3bbda21c6aca04a0d15041a811986f695a8cd77b0
wikipedia-perfectnumbers-odd-perfect-number-conjecture	PerfectNumbers.odd_perfect_number_conjecture	FormalConjectures/Wikipedia/PerfectNumbers.lean	yes	none	no	no-realistic-route-at-statement-pass	not-an-Erdos-number	Established hard conjecture; no statement-level loophole; reject rather than equating decidable finite cases with a realistic solution.	9a911f9928f92ec46b265844936a1b8150a2d8c16b44a311609e8400bcad3885
wikipedia-pollocksconjecture-pollock-tetrahedral	PollocksConjecture.pollock_tetrahedral	FormalConjectures/Wikipedia/PollocksConjecture.lean	yes	none	no	no-realistic-route-at-statement-pass	not-an-Erdos-number	Established hard conjecture; no statement-level loophole; reject rather than equating decidable finite cases with a realistic solution.	61ec4af7e047e04a571776253b6c36761864ec83cc60aedc720981492ea263ca
wikipedia-primesandperfectsquares-infinite-prime-sq-add-one	PrimesAndPerfectSquares.infinite_prime_sq_add_one	FormalConjectures/Wikipedia/PrimesAndPerfectSquares.lean	yes	none	no	no-realistic-route-at-statement-pass	not-an-Erdos-number	Established hard conjecture; no statement-level loophole; reject rather than equating decidable finite cases with a realistic solution.	e8a0e39747aa04e86b39dcffd8017c767dca18f0bdc7905d92a9cbcf3599f9e2
wikipedia-regularprimes-regularprime-conjecture	RegularPrimes.regularprime_conjecture	FormalConjectures/Wikipedia/RegularPrimes.lean	yes	none	no	no-realistic-route-at-statement-pass	not-an-Erdos-number	Established hard conjecture; no statement-level loophole; reject rather than equating decidable finite cases with a realistic solution.	7c6adcd3b9ba27a8970b596734bb96848d635f80c1041394f071d63390511892
wikipedia-twinprimes-twin-primes	TwinPrimes.twin_primes	FormalConjectures/Wikipedia/TwinPrimes.lean	yes	none	no	no-realistic-route-at-statement-pass	not-an-Erdos-number	Established hard conjecture; no statement-level loophole; reject rather than equating decidable finite cases with a realistic solution.	94582a3f2be3f426198e93e8e48137ea262a1b03ce5cb1c0598ab3b94fa7a9ad
